SrNo,Parameter,Unit,Date,Value,Data Source,Location,Latitude,Longitude
1,pH,-,"[01-01-2018, 31-01-2018]",6.6,CPCB 2018,Sector 83,30.658143,76.724407
2,Conductivity,µs/cm,"[01-01-2018, 31-01-2018]",644,CPCB 2018,Sector 83,30.658143,76.724407
3,DO,mg/l,"[01-01-2018, 31-01-2018]",,CPCB 2018,Sector 83,30.658143,76.724407
4,COD,mg/l,"[01-01-2018, 31-01-2018]",261,CPCB 2018,Sector 83,30.658143,76.724407
5,BOD,mg/l,"[01-01-2018, 31-01-2018]",161,CPCB 2018,Sector 83,30.658143,76.724407
6,NO3-N,mg/l,"[01-01-2018, 31-01-2018]",5.9,CPCB 2018,Sector 83,30.658143,76.724407
7,NH3-N,mg/l,"[01-01-2018, 31-01-2018]",23,CPCB 2018,Sector 83,30.658143,76.724407
8,Phosphate,mg/l,"[01-01-2018, 31-01-2018]",2.55,CPCB 2018,Sector 83,30.658143,76.724407
9,TSS,mg/l,"[01-01-2018, 31-01-2018]",100,CPCB 2018,Sector 83,30.658143,76.724407
10,TDS,mg/l,"[01-01-2018, 31-01-2018]",326,CPCB 2018,Sector 83,30.658143,76.724407
11,FS,mg/l,"[01-01-2018, 31-01-2018]",267,CPCB 2018,Sector 83,30.658143,76.724407
12,Turbidity,NTU,"[01-01-2018, 31-01-2018]",110,CPCB 2018,Sector 83,30.658143,76.724407
13,TH as CaCO3,mg/l,"[01-01-2018, 31-01-2018]",190,CPCB 2018,Sector 83,30.658143,76.724407
14,Ca as CaCO3,mg/l,"[01-01-2018, 31-01-2018]",118,CPCB 2018,Sector 83,30.658143,76.724407
15,Mg as CaCO3,mg/l,"[01-01-2018, 31-01-2018]",72,CPCB 2018,Sector 83,30.658143,76.724407
16,Sulphate,mg/l,"[01-01-2018, 31-01-2018]",66,CPCB 2018,Sector 83,30.658143,76.724407
17,Chloride,mg/l,"[01-01-2018, 31-01-2018]",42,CPCB 2018,Sector 83,30.658143,76.724407
18,Total alkalinity as CaCO3,mg/l,"[01-01-2018, 31-01-2018]",260,CPCB 2018,Sector 83,30.658143,76.724407
19,P-Alkalinity,mg/l,"[01-01-2018, 31-01-2018]",,CPCB 2018,Sector 83,30.658143,76.724407
20,Fluoride,mg/l,"[01-01-2018, 31-01-2018]",0.28,CPCB 2018,Sector 83,30.658143,76.724407
21,Colour,Hazen,"[01-01-2018, 31-01-2018]",30,CPCB 2018,Sector 83,30.658143,76.724407
22,Boron(B),mg/l,"[01-01-2018, 31-01-2018]",0.19,CPCB 2018,Sector 83,30.658143,76.724407
23,TKN,mg/l,"[01-01-2018, 31-01-2018]",4.2,CPCB 2018,Sector 83,30.658143,76.724407
24,Potassium,mg/l,"[01-01-2018, 31-01-2018]",7,CPCB 2018,Sector 83,30.658143,76.724407
25,Sodium,mg/l,"[01-01-2018, 31-01-2018]",23,CPCB 2018,Sector 83,30.658143,76.724407
26,Total Coliform,MPN/100ml,"[01-01-2018, 31-01-2018]",,CPCB 2018,Sector 83,30.658143,76.724407
27,Faecal Coliform,MPN/100ml,"[01-01-2018, 31-01-2018]",,CPCB 2018,Sector 83,30.658143,76.724407
28,pH,-,"[01-02-2018, 28-02-2018]",6.9,CPCB 2018,Sector 83,30.658143,76.724407
29,Conductivity,µs/cm,"[01-02-2018, 28-02-2018]",551,CPCB 2018,Sector 83,30.658143,76.724407
30,DO,mg/l,"[01-02-2018, 28-02-2018]",0.6,CPCB 2018,Sector 83,30.658143,76.724407
31,COD,mg/l,"[01-02-2018, 28-02-2018]",261,CPCB 2018,Sector 83,30.658143,76.724407
32,BOD,mg/l,"[01-02-2018, 28-02-2018]",117,CPCB 2018,Sector 83,30.658143,76.724407
33,NO3-N,mg/l,"[01-02-2018, 28-02-2018]",,CPCB 2018,Sector 83,30.658143,76.724407
34,NH3-N,mg/l,"[01-02-2018, 28-02-2018]",17,CPCB 2018,Sector 83,30.658143,76.724407
35,Phosphate,mg/l,"[01-02-2018, 28-02-2018]",2.05,CPCB 2018,Sector 83,30.658143,76.724407
36,TSS,mg/l,"[01-02-2018, 28-02-2018]",149,CPCB 2018,Sector 83,30.658143,76.724407
37,TDS,mg/l,"[01-02-2018, 28-02-2018]",259,CPCB 2018,Sector 83,30.658143,76.724407
38,FS,mg/l,"[01-02-2018, 28-02-2018]",269,CPCB 2018,Sector 83,30.658143,76.724407
39,Turbidity,NTU,"[01-02-2018, 28-02-2018]",160,CPCB 2018,Sector 83,30.658143,76.724407
40,TH as CaCO3,mg/l,"[01-02-2018, 28-02-2018]",206,CPCB 2018,Sector 83,30.658143,76.724407
41,Ca as CaCO3,mg/l,"[01-02-2018, 28-02-2018]",100,CPCB 2018,Sector 83,30.658143,76.724407
42,Mg as CaCO3,mg/l,"[01-02-2018, 28-02-2018]",106,CPCB 2018,Sector 83,30.658143,76.724407
43,Sulphate,mg/l,"[01-02-2018, 28-02-2018]",72,CPCB 2018,Sector 83,30.658143,76.724407
44,Chloride,mg/l,"[01-02-2018, 28-02-2018]",45,CPCB 2018,Sector 83,30.658143,76.724407
45,Total alkalinity as CaCO3,mg/l,"[01-02-2018, 28-02-2018]",208,CPCB 2018,Sector 83,30.658143,76.724407
46,P-Alkalinity,mg/l,"[01-02-2018, 28-02-2018]",,CPCB 2018,Sector 83,30.658143,76.724407
47,Fluoride,mg/l,"[01-02-2018, 28-02-2018]",,CPCB 2018,Sector 83,30.658143,76.724407
48,Colour,Hazen,"[01-02-2018, 28-02-2018]",20,CPCB 2018,Sector 83,30.658143,76.724407
49,Boron(B),mg/l,"[01-02-2018, 28-02-2018]",0.21,CPCB 2018,Sector 83,30.658143,76.724407
50,TKN,mg/l,"[01-02-2018, 28-02-2018]",4.7,CPCB 2018,Sector 83,30.658143,76.724407
51,Potassium,mg/l,"[01-02-2018, 28-02-2018]",9,CPCB 2018,Sector 83,30.658143,76.724407
52,Sodium,mg/l,"[01-02-2018, 28-02-2018]",27,CPCB 2018,Sector 83,30.658143,76.724407
53,Total Coliform,MPN/100ml,"[01-02-2018, 28-02-2018]",,CPCB 2018,Sector 83,30.658143,76.724407
54,Faecal Coliform,MPN/100ml,"[01-02-2018, 28-02-2018]",,CPCB 2018,Sector 83,30.658143,76.724407
55,pH,-,"[01-03-2018, 31-03-2018]",7.1,CPCB 2018,Sector 83,30.658143,76.724407
56,Conductivity,µs/cm,"[01-03-2018, 31-03-2018]",668,CPCB 2018,Sector 83,30.658143,76.724407
57,DO,mg/l,"[01-03-2018, 31-03-2018]",1,CPCB 2018,Sector 83,30.658143,76.724407
58,COD,mg/l,"[01-03-2018, 31-03-2018]",214,CPCB 2018,Sector 83,30.658143,76.724407
59,BOD,mg/l,"[01-03-2018, 31-03-2018]",98,CPCB 2018,Sector 83,30.658143,76.724407
60,NO3-N,mg/l,"[01-03-2018, 31-03-2018]",2.4,CPCB 2018,Sector 83,30.658143,76.724407
61,NH3-N,mg/l,"[01-03-2018, 31-03-2018]",20,CPCB 2018,Sector 83,30.658143,76.724407
62,Phosphate,mg/l,"[01-03-2018, 31-03-2018]",2.05,CPCB 2018,Sector 83,30.658143,76.724407
63,TSS,mg/l,"[01-03-2018, 31-03-2018]",82,CPCB 2018,Sector 83,30.658143,76.724407
64,TDS,mg/l,"[01-03-2018, 31-03-2018]",350,CPCB 2018,Sector 83,30.658143,76.724407
65,FS,mg/l,"[01-03-2018, 31-03-2018]",236,CPCB 2018,Sector 83,30.658143,76.724407
66,Turbidity,NTU,"[01-03-2018, 31-03-2018]",118,CPCB 2018,Sector 83,30.658143,76.724407
67,TH as CaCO3,mg/l,"[01-03-2018, 31-03-2018]",230,CPCB 2018,Sector 83,30.658143,76.724407
68,Ca as CaCO3,mg/l,"[01-03-2018, 31-03-2018]",120,CPCB 2018,Sector 83,30.658143,76.724407
69,Mg as CaCO3,mg/l,"[01-03-2018, 31-03-2018]",110,CPCB 2018,Sector 83,30.658143,76.724407
70,Sulphate,mg/l,"[01-03-2018, 31-03-2018]",49,CPCB 2018,Sector 83,30.658143,76.724407
71,Chloride,mg/l,"[01-03-2018, 31-03-2018]",50,CPCB 2018,Sector 83,30.658143,76.724407
72,Total alkalinity as CaCO3,mg/l,"[01-03-2018, 31-03-2018]",252,CPCB 2018,Sector 83,30.658143,76.724407
73,P-Alkalinity,mg/l,"[01-03-2018, 31-03-2018]",,CPCB 2018,Sector 83,30.658143,76.724407
74,Fluoride,mg/l,"[01-03-2018, 31-03-2018]",,CPCB 2018,Sector 83,30.658143,76.724407
75,Colour,Hazen,"[01-03-2018, 31-03-2018]",20,CPCB 2018,Sector 83,30.658143,76.724407
76,Boron(B),mg/l,"[01-03-2018, 31-03-2018]",0.15,CPCB 2018,Sector 83,30.658143,76.724407
77,TKN,mg/l,"[01-03-2018, 31-03-2018]",4.2,CPCB 2018,Sector 83,30.658143,76.724407
78,Potassium,mg/l,"[01-03-2018, 31-03-2018]",11,CPCB 2018,Sector 83,30.658143,76.724407
79,Sodium,mg/l,"[01-03-2018, 31-03-2018]",37,CPCB 2018,Sector 83,30.658143,76.724407
80,Total Coliform,MPN/100ml,"[01-03-2018, 31-03-2018]",,CPCB 2018,Sector 83,30.658143,76.724407
81,Faecal Coliform,MPN/100ml,"[01-03-2018, 31-03-2018]",,CPCB 2018,Sector 83,30.658143,76.724407
82,pH,-,"[01-04-2018, 30-04-2018]",7.3,CPCB 2018,Sector 83,30.658143,76.724407
83,Conductivity,µs/cm,"[01-04-2018, 30-04-2018]",663,CPCB 2018,Sector 83,30.658143,76.724407
84,DO,mg/l,"[01-04-2018, 30-04-2018]",0.7,CPCB 2018,Sector 83,30.658143,76.724407
85,COD,mg/l,"[01-04-2018, 30-04-2018]",176,CPCB 2018,Sector 83,30.658143,76.724407
86,BOD,mg/l,"[01-04-2018, 30-04-2018]",80,CPCB 2018,Sector 83,30.658143,76.724407
87,NO3-N,mg/l,"[01-04-2018, 30-04-2018]",2.1,CPCB 2018,Sector 83,30.658143,76.724407
88,NH3-N,mg/l,"[01-04-2018, 30-04-2018]",17,CPCB 2018,Sector 83,30.658143,76.724407
89,Phosphate,mg/l,"[01-04-2018, 30-04-2018]",2.36,CPCB 2018,Sector 83,30.658143,76.724407
90,TSS,mg/l,"[01-04-2018, 30-04-2018]",81,CPCB 2018,Sector 83,30.658143,76.724407
91,TDS,mg/l,"[01-04-2018, 30-04-2018]",394,CPCB 2018,Sector 83,30.658143,76.724407
92,FS,mg/l,"[01-04-2018, 30-04-2018]",273,CPCB 2018,Sector 83,30.658143,76.724407
93,Turbidity,NTU,"[01-04-2018, 30-04-2018]",125,CPCB 2018,Sector 83,30.658143,76.724407
94,TH as CaCO3,mg/l,"[01-04-2018, 30-04-2018]",212,CPCB 2018,Sector 83,30.658143,76.724407
95,Ca as CaCO3,mg/l,"[01-04-2018, 30-04-2018]",120,CPCB 2018,Sector 83,30.658143,76.724407
96,Mg as CaCO3,mg/l,"[01-04-2018, 30-04-2018]",92,CPCB 2018,Sector 83,30.658143,76.724407
97,Sulphate,mg/l,"[01-04-2018, 30-04-2018]",52,CPCB 2018,Sector 83,30.658143,76.724407
98,Chloride,mg/l,"[01-04-2018, 30-04-2018]",45,CPCB 2018,Sector 83,30.658143,76.724407
99,Total alkalinity as CaCO3,mg/l,"[01-04-2018, 30-04-2018]",258,CPCB 2018,Sector 83,30.658143,76.724407
100,P-Alkalinity,mg/l,"[01-04-2018, 30-04-2018]",,CPCB 2018,Sector 83,30.658143,76.724407
101,Fluoride,mg/l,"[01-04-2018, 30-04-2018]",,CPCB 2018,Sector 83,30.658143,76.724407
102,Colour,Hazen,"[01-04-2018, 30-04-2018]",20,CPCB 2018,Sector 83,30.658143,76.724407
103,Boron(B),mg/l,"[01-04-2018, 30-04-2018]",0.14,CPCB 2018,Sector 83,30.658143,76.724407
104,TKN,mg/l,"[01-04-2018, 30-04-2018]",4.1,CPCB 2018,Sector 83,30.658143,76.724407
105,Potassium,mg/l,"[01-04-2018, 30-04-2018]",8,CPCB 2018,Sector 83,30.658143,76.724407
106,Sodium,mg/l,"[01-04-2018, 30-04-2018]",30,CPCB 2018,Sector 83,30.658143,76.724407
107,Total Coliform,MPN/100ml,"[01-04-2018, 30-04-2018]",,CPCB 2018,Sector 83,30.658143,76.724407
108,Faecal Coliform,MPN/100ml,"[01-04-2018, 30-04-2018]",,CPCB 2018,Sector 83,30.658143,76.724407
109,pH,-,"[01-05-2018, 31-05-2018]",7.1,CPCB 2018,Sector 83,30.658143,76.724407
110,Conductivity,µs/cm,"[01-05-2018, 31-05-2018]",643,CPCB 2018,Sector 83,30.658143,76.724407
111,DO,mg/l,"[01-05-2018, 31-05-2018]",,CPCB 2018,Sector 83,30.658143,76.724407
112,COD,mg/l,"[01-05-2018, 31-05-2018]",168,CPCB 2018,Sector 83,30.658143,76.724407
113,BOD,mg/l,"[01-05-2018, 31-05-2018]",73,CPCB 2018,Sector 83,30.658143,76.724407
114,NO3-N,mg/l,"[01-05-2018, 31-05-2018]",2,CPCB 2018,Sector 83,30.658143,76.724407
115,NH3-N,mg/l,"[01-05-2018, 31-05-2018]",24,CPCB 2018,Sector 83,30.658143,76.724407
116,Phosphate,mg/l,"[01-05-2018, 31-05-2018]",2.51,CPCB 2018,Sector 83,30.658143,76.724407
117,TSS,mg/l,"[01-05-2018, 31-05-2018]",105,CPCB 2018,Sector 83,30.658143,76.724407
118,TDS,mg/l,"[01-05-2018, 31-05-2018]",297,CPCB 2018,Sector 83,30.658143,76.724407
119,FS,mg/l,"[01-05-2018, 31-05-2018]",310,CPCB 2018,Sector 83,30.658143,76.724407
120,Turbidity,NTU,"[01-05-2018, 31-05-2018]",109,CPCB 2018,Sector 83,30.658143,76.724407
121,TH as CaCO3,mg/l,"[01-05-2018, 31-05-2018]",220,CPCB 2018,Sector 83,30.658143,76.724407
122,Ca as CaCO3,mg/l,"[01-05-2018, 31-05-2018]",124,CPCB 2018,Sector 83,30.658143,76.724407
123,Mg as CaCO3,mg/l,"[01-05-2018, 31-05-2018]",96,CPCB 2018,Sector 83,30.658143,76.724407
124,Sulphate,mg/l,"[01-05-2018, 31-05-2018]",52,CPCB 2018,Sector 83,30.658143,76.724407
125,Chloride,mg/l,"[01-05-2018, 31-05-2018]",48,CPCB 2018,Sector 83,30.658143,76.724407
126,Total alkalinity as CaCO3,mg/l,"[01-05-2018, 31-05-2018]",254,CPCB 2018,Sector 83,30.658143,76.724407
127,P-Alkalinity,mg/l,"[01-05-2018, 31-05-2018]",,CPCB 2018,Sector 83,30.658143,76.724407
128,Fluoride,mg/l,"[01-05-2018, 31-05-2018]",,CPCB 2018,Sector 83,30.658143,76.724407
129,Colour,Hazen,"[01-05-2018, 31-05-2018]",20,CPCB 2018,Sector 83,30.658143,76.724407
130,Boron(B),mg/l,"[01-05-2018, 31-05-2018]",0.14,CPCB 2018,Sector 83,30.658143,76.724407
131,TKN,mg/l,"[01-05-2018, 31-05-2018]",3.9,CPCB 2018,Sector 83,30.658143,76.724407
132,Potassium,mg/l,"[01-05-2018, 31-05-2018]",8,CPCB 2018,Sector 83,30.658143,76.724407
133,Sodium,mg/l,"[01-05-2018, 31-05-2018]",24,CPCB 2018,Sector 83,30.658143,76.724407
134,Total Coliform,MPN/100ml,"[01-05-2018, 31-05-2018]",,CPCB 2018,Sector 83,30.658143,76.724407
135,Faecal Coliform,MPN/100ml,"[01-05-2018, 31-05-2018]",,CPCB 2018,Sector 83,30.658143,76.724407
136,pH,-,"[01-06-2018, 30-06-2018]",6.9,CPCB 2018,Sector 83,30.658143,76.724407
137,Conductivity,µs/cm,"[01-06-2018, 30-06-2018]",638,CPCB 2018,Sector 83,30.658143,76.724407
138,DO,mg/l,"[01-06-2018, 30-06-2018]",,CPCB 2018,Sector 83,30.658143,76.724407
139,COD,mg/l,"[01-06-2018, 30-06-2018]",141,CPCB 2018,Sector 83,30.658143,76.724407
140,BOD,mg/l,"[01-06-2018, 30-06-2018]",65,CPCB 2018,Sector 83,30.658143,76.724407
141,NO3-N,mg/l,"[01-06-2018, 30-06-2018]",2.2,CPCB 2018,Sector 83,30.658143,76.724407
142,NH3-N,mg/l,"[01-06-2018, 30-06-2018]",18,CPCB 2018,Sector 83,30.658143,76.724407
143,Phosphate,mg/l,"[01-06-2018, 30-06-2018]",1.83,CPCB 2018,Sector 83,30.658143,76.724407
144,TSS,mg/l,"[01-06-2018, 30-06-2018]",82,CPCB 2018,Sector 83,30.658143,76.724407
145,TDS,mg/l,"[01-06-2018, 30-06-2018]",317,CPCB 2018,Sector 83,30.658143,76.724407
146,FS,mg/l,"[01-06-2018, 30-06-2018]",271,CPCB 2018,Sector 83,30.658143,76.724407
147,Turbidity,NTU,"[01-06-2018, 30-06-2018]",95,CPCB 2018,Sector 83,30.658143,76.724407
148,TH as CaCO3,mg/l,"[01-06-2018, 30-06-2018]",194,CPCB 2018,Sector 83,30.658143,76.724407
149,Ca as CaCO3,mg/l,"[01-06-2018, 30-06-2018]",116,CPCB 2018,Sector 83,30.658143,76.724407
150,Mg as CaCO3,mg/l,"[01-06-2018, 30-06-2018]",78,CPCB 2018,Sector 83,30.658143,76.724407
151,Sulphate,mg/l,"[01-06-2018, 30-06-2018]",51,CPCB 2018,Sector 83,30.658143,76.724407
152,Chloride,mg/l,"[01-06-2018, 30-06-2018]",46,CPCB 2018,Sector 83,30.658143,76.724407
153,Total alkalinity as CaCO3,mg/l,"[01-06-2018, 30-06-2018]",246,CPCB 2018,Sector 83,30.658143,76.724407
154,P-Alkalinity,mg/l,"[01-06-2018, 30-06-2018]",,CPCB 2018,Sector 83,30.658143,76.724407
155,Fluoride,mg/l,"[01-06-2018, 30-06-2018]",,CPCB 2018,Sector 83,30.658143,76.724407
156,Colour,Hazen,"[01-06-2018, 30-06-2018]",20,CPCB 2018,Sector 83,30.658143,76.724407
157,Boron(B),mg/l,"[01-06-2018, 30-06-2018]",,CPCB 2018,Sector 83,30.658143,76.724407
158,TKN,mg/l,"[01-06-2018, 30-06-2018]",4.3,CPCB 2018,Sector 83,30.658143,76.724407
159,Potassium,mg/l,"[01-06-2018, 30-06-2018]",9,CPCB 2018,Sector 83,30.658143,76.724407
160,Sodium,mg/l,"[01-06-2018, 30-06-2018]",38,CPCB 2018,Sector 83,30.658143,76.724407
161,Total Coliform,MPN/100ml,"[01-06-2018, 30-06-2018]",,CPCB 2018,Sector 83,30.658143,76.724407
162,Faecal Coliform,MPN/100ml,"[01-06-2018, 30-06-2018]",,CPCB 2018,Sector 83,30.658143,76.724407
163,pH,-,"[01-07-2018, 31-07-2018]",7.1,CPCB 2018,Sector 83,30.658143,76.724407
164,Conductivity,µs/cm,"[01-07-2018, 31-07-2018]",616,CPCB 2018,Sector 83,30.658143,76.724407
165,DO,mg/l,"[01-07-2018, 31-07-2018]",,CPCB 2018,Sector 83,30.658143,76.724407
166,COD,mg/l,"[01-07-2018, 31-07-2018]",164,CPCB 2018,Sector 83,30.658143,76.724407
167,BOD,mg/l,"[01-07-2018, 31-07-2018]",77,CPCB 2018,Sector 83,30.658143,76.724407
168,NO3-N,mg/l,"[01-07-2018, 31-07-2018]",2.4,CPCB 2018,Sector 83,30.658143,76.724407
169,NH3-N,mg/l,"[01-07-2018, 31-07-2018]",22,CPCB 2018,Sector 83,30.658143,76.724407
170,Phosphate,mg/l,"[01-07-2018, 31-07-2018]",2.01,CPCB 2018,Sector 83,30.658143,76.724407
171,TSS,mg/l,"[01-07-2018, 31-07-2018]",80,CPCB 2018,Sector 83,30.658143,76.724407
172,TDS,mg/l,"[01-07-2018, 31-07-2018]",342,CPCB 2018,Sector 83,30.658143,76.724407
173,FS,mg/l,"[01-07-2018, 31-07-2018]",274,CPCB 2018,Sector 83,30.658143,76.724407
174,Turbidity,NTU,"[01-07-2018, 31-07-2018]",113,CPCB 2018,Sector 83,30.658143,76.724407
175,TH as CaCO3,mg/l,"[01-07-2018, 31-07-2018]",214,CPCB 2018,Sector 83,30.658143,76.724407
176,Ca as CaCO3,mg/l,"[01-07-2018, 31-07-2018]",122,CPCB 2018,Sector 83,30.658143,76.724407
177,Mg as CaCO3,mg/l,"[01-07-2018, 31-07-2018]",92,CPCB 2018,Sector 83,30.658143,76.724407
178,Sulphate,mg/l,"[01-07-2018, 31-07-2018]",62,CPCB 2018,Sector 83,30.658143,76.724407
179,Chloride,mg/l,"[01-07-2018, 31-07-2018]",45,CPCB 2018,Sector 83,30.658143,76.724407
180,Total alkalinity as CaCO3,mg/l,"[01-07-2018, 31-07-2018]",246,CPCB 2018,Sector 83,30.658143,76.724407
181,P-Alkalinity,mg/l,"[01-07-2018, 31-07-2018]",,CPCB 2018,Sector 83,30.658143,76.724407
182,Fluoride,mg/l,"[01-07-2018, 31-07-2018]",0.13,CPCB 2018,Sector 83,30.658143,76.724407
183,Colour,Hazen,"[01-07-2018, 31-07-2018]",20,CPCB 2018,Sector 83,30.658143,76.724407
184,Boron(B),mg/l,"[01-07-2018, 31-07-2018]",0.12,CPCB 2018,Sector 83,30.658143,76.724407
185,TKN,mg/l,"[01-07-2018, 31-07-2018]",4.9,CPCB 2018,Sector 83,30.658143,76.724407
186,Potassium,mg/l,"[01-07-2018, 31-07-2018]",10,CPCB 2018,Sector 83,30.658143,76.724407
187,Sodium,mg/l,"[01-07-2018, 31-07-2018]",43,CPCB 2018,Sector 83,30.658143,76.724407
188,Total Coliform,MPN/100ml,"[01-07-2018, 31-07-2018]",,CPCB 2018,Sector 83,30.658143,76.724407
189,Faecal Coliform,MPN/100ml,"[01-07-2018, 31-07-2018]",,CPCB 2018,Sector 83,30.658143,76.724407
190,pH,-,"[01-08-2018, 31-08-2018]",7.1,CPCB 2018,Sector 83,30.658143,76.724407
191,Conductivity,µs/cm,"[01-08-2018, 31-08-2018]",559,CPCB 2018,Sector 83,30.658143,76.724407
192,DO,mg/l,"[01-08-2018, 31-08-2018]",,CPCB 2018,Sector 83,30.658143,76.724407
193,COD,mg/l,"[01-08-2018, 31-08-2018]",82,CPCB 2018,Sector 83,30.658143,76.724407
194,BOD,mg/l,"[01-08-2018, 31-08-2018]",49,CPCB 2018,Sector 83,30.658143,76.724407
195,NO3-N,mg/l,"[01-08-2018, 31-08-2018]",2.8,CPCB 2018,Sector 83,30.658143,76.724407
196,NH3-N,mg/l,"[01-08-2018, 31-08-2018]",15,CPCB 2018,Sector 83,30.658143,76.724407
197,Phosphate,mg/l,"[01-08-2018, 31-08-2018]",1.03,CPCB 2018,Sector 83,30.658143,76.724407
198,TSS,mg/l,"[01-08-2018, 31-08-2018]",62,CPCB 2018,Sector 83,30.658143,76.724407
199,TDS,mg/l,"[01-08-2018, 31-08-2018]",345,CPCB 2018,Sector 83,30.658143,76.724407
200,FS,mg/l,"[01-08-2018, 31-08-2018]",289,CPCB 2018,Sector 83,30.658143,76.724407
201,Turbidity,NTU,"[01-08-2018, 31-08-2018]",92,CPCB 2018,Sector 83,30.658143,76.724407
202,TH as CaCO3,mg/l,"[01-08-2018, 31-08-2018]",210,CPCB 2018,Sector 83,30.658143,76.724407
203,Ca as CaCO3,mg/l,"[01-08-2018, 31-08-2018]",120,CPCB 2018,Sector 83,30.658143,76.724407
204,Mg as CaCO3,mg/l,"[01-08-2018, 31-08-2018]",90,CPCB 2018,Sector 83,30.658143,76.724407
205,Sulphate,mg/l,"[01-08-2018, 31-08-2018]",54,CPCB 2018,Sector 83,30.658143,76.724407
206,Chloride,mg/l,"[01-08-2018, 31-08-2018]",42,CPCB 2018,Sector 83,30.658143,76.724407
207,Total alkalinity as CaCO3,mg/l,"[01-08-2018, 31-08-2018]",224,CPCB 2018,Sector 83,30.658143,76.724407
208,P-Alkalinity,mg/l,"[01-08-2018, 31-08-2018]",,CPCB 2018,Sector 83,30.658143,76.724407
209,Fluoride,mg/l,"[01-08-2018, 31-08-2018]",0.14,CPCB 2018,Sector 83,30.658143,76.724407
210,Colour,Hazen,"[01-08-2018, 31-08-2018]",20,CPCB 2018,Sector 83,30.658143,76.724407
211,Boron(B),mg/l,"[01-08-2018, 31-08-2018]",0.15,CPCB 2018,Sector 83,30.658143,76.724407
212,TKN,mg/l,"[01-08-2018, 31-08-2018]",4.9,CPCB 2018,Sector 83,30.658143,76.724407
213,Potassium,mg/l,"[01-08-2018, 31-08-2018]",10,CPCB 2018,Sector 83,30.658143,76.724407
214,Sodium,mg/l,"[01-08-2018, 31-08-2018]",43,CPCB 2018,Sector 83,30.658143,76.724407
215,Total Coliform,MPN/100ml,"[01-08-2018, 31-08-2018]",,CPCB 2018,Sector 83,30.658143,76.724407
216,Faecal Coliform,MPN/100ml,"[01-08-2018, 31-08-2018]",,CPCB 2018,Sector 83,30.658143,76.724407
217,pH,-,"[01-09-2018, 30-09-2018]",7.4,CPCB 2018,Sector 83,30.658143,76.724407
218,Conductivity,µs/cm,"[01-09-2018, 30-09-2018]",724,CPCB 2018,Sector 83,30.658143,76.724407
219,DO,mg/l,"[01-09-2018, 30-09-2018]",,CPCB 2018,Sector 83,30.658143,76.724407
220,COD,mg/l,"[01-09-2018, 30-09-2018]",114,CPCB 2018,Sector 83,30.658143,76.724407
221,BOD,mg/l,"[01-09-2018, 30-09-2018]",82,CPCB 2018,Sector 83,30.658143,76.724407
222,NO3-N,mg/l,"[01-09-2018, 30-09-2018]",1.2,CPCB 2018,Sector 83,30.658143,76.724407
223,NH3-N,mg/l,"[01-09-2018, 30-09-2018]",19,CPCB 2018,Sector 83,30.658143,76.724407
224,Phosphate,mg/l,"[01-09-2018, 30-09-2018]",1.4,CPCB 2018,Sector 83,30.658143,76.724407
225,TSS,mg/l,"[01-09-2018, 30-09-2018]",37,CPCB 2018,Sector 83,30.658143,76.724407
226,TDS,mg/l,"[01-09-2018, 30-09-2018]",390,CPCB 2018,Sector 83,30.658143,76.724407
227,FS,mg/l,"[01-09-2018, 30-09-2018]",317,CPCB 2018,Sector 83,30.658143,76.724407
228,Turbidity,NTU,"[01-09-2018, 30-09-2018]",96,CPCB 2018,Sector 83,30.658143,76.724407
229,TH as CaCO3,mg/l,"[01-09-2018, 30-09-2018]",242,CPCB 2018,Sector 83,30.658143,76.724407
230,Ca as CaCO3,mg/l,"[01-09-2018, 30-09-2018]",138,CPCB 2018,Sector 83,30.658143,76.724407
231,Mg as CaCO3,mg/l,"[01-09-2018, 30-09-2018]",104,CPCB 2018,Sector 83,30.658143,76.724407
232,Sulphate,mg/l,"[01-09-2018, 30-09-2018]",63,CPCB 2018,Sector 83,30.658143,76.724407
233,Chloride,mg/l,"[01-09-2018, 30-09-2018]",42,CPCB 2018,Sector 83,30.658143,76.724407
234,Total alkalinity as CaCO3,mg/l,"[01-09-2018, 30-09-2018]",264,CPCB 2018,Sector 83,30.658143,76.724407
235,P-Alkalinity,mg/l,"[01-09-2018, 30-09-2018]",,CPCB 2018,Sector 83,30.658143,76.724407
236,Fluoride,mg/l,"[01-09-2018, 30-09-2018]",0.13,CPCB 2018,Sector 83,30.658143,76.724407
237,Colour,Hazen,"[01-09-2018, 30-09-2018]",30,CPCB 2018,Sector 83,30.658143,76.724407
238,Boron(B),mg/l,"[01-09-2018, 30-09-2018]",0.08,CPCB 2018,Sector 83,30.658143,76.724407
239,TKN,mg/l,"[01-09-2018, 30-09-2018]",5.3,CPCB 2018,Sector 83,30.658143,76.724407
240,Potassium,mg/l,"[01-09-2018, 30-09-2018]",11,CPCB 2018,Sector 83,30.658143,76.724407
241,Sodium,mg/l,"[01-09-2018, 30-09-2018]",47,CPCB 2018,Sector 83,30.658143,76.724407
242,Total Coliform,MPN/100ml,"[01-09-2018, 30-09-2018]",,CPCB 2018,Sector 83,30.658143,76.724407
243,Faecal Coliform,MPN/100ml,"[01-09-2018, 30-09-2018]",,CPCB 2018,Sector 83,30.658143,76.724407
244,pH,-,"[01-10-2018, 31-10-2018]",7.4,CPCB 2018,Sector 83,30.658143,76.724407
245,Conductivity,µs/cm,"[01-10-2018, 31-10-2018]",584,CPCB 2018,Sector 83,30.658143,76.724407
246,DO,mg/l,"[01-10-2018, 31-10-2018]",,CPCB 2018,Sector 83,30.658143,76.724407
247,COD,mg/l,"[01-10-2018, 31-10-2018]",160,CPCB 2018,Sector 83,30.658143,76.724407
248,BOD,mg/l,"[01-10-2018, 31-10-2018]",79,CPCB 2018,Sector 83,30.658143,76.724407
249,NO3-N,mg/l,"[01-10-2018, 31-10-2018]",1.5,CPCB 2018,Sector 83,30.658143,76.724407
250,NH3-N,mg/l,"[01-10-2018, 31-10-2018]",23,CPCB 2018,Sector 83,30.658143,76.724407
251,Phosphate,mg/l,"[01-10-2018, 31-10-2018]",2.4,CPCB 2018,Sector 83,30.658143,76.724407
252,TSS,mg/l,"[01-10-2018, 31-10-2018]",100,CPCB 2018,Sector 83,30.658143,76.724407
253,TDS,mg/l,"[01-10-2018, 31-10-2018]",384,CPCB 2018,Sector 83,30.658143,76.724407
254,FS,mg/l,"[01-10-2018, 31-10-2018]",280,CPCB 2018,Sector 83,30.658143,76.724407
255,Turbidity,NTU,"[01-10-2018, 31-10-2018]",112,CPCB 2018,Sector 83,30.658143,76.724407
256,TH as CaCO3,mg/l,"[01-10-2018, 31-10-2018]",220,CPCB 2018,Sector 83,30.658143,76.724407
257,Ca as CaCO3,mg/l,"[01-10-2018, 31-10-2018]",128,CPCB 2018,Sector 83,30.658143,76.724407
258,Mg as CaCO3,mg/l,"[01-10-2018, 31-10-2018]",92,CPCB 2018,Sector 83,30.658143,76.724407
259,Sulphate,mg/l,"[01-10-2018, 31-10-2018]",68,CPCB 2018,Sector 83,30.658143,76.724407
260,Chloride,mg/l,"[01-10-2018, 31-10-2018]",40,CPCB 2018,Sector 83,30.658143,76.724407
261,Total alkalinity as CaCO3,mg/l,"[01-10-2018, 31-10-2018]",234,CPCB 2018,Sector 83,30.658143,76.724407
262,P-Alkalinity,mg/l,"[01-10-2018, 31-10-2018]",,CPCB 2018,Sector 83,30.658143,76.724407
263,Fluoride,mg/l,"[01-10-2018, 31-10-2018]",,CPCB 2018,Sector 83,30.658143,76.724407
264,Colour,Hazen,"[01-10-2018, 31-10-2018]",30,CPCB 2018,Sector 83,30.658143,76.724407
265,Boron(B),mg/l,"[01-10-2018, 31-10-2018]",,CPCB 2018,Sector 83,30.658143,76.724407
266,TKN,mg/l,"[01-10-2018, 31-10-2018]",4.9,CPCB 2018,Sector 83,30.658143,76.724407
267,Potassium,mg/l,"[01-10-2018, 31-10-2018]",12,CPCB 2018,Sector 83,30.658143,76.724407
268,Sodium,mg/l,"[01-10-2018, 31-10-2018]",28,CPCB 2018,Sector 83,30.658143,76.724407
269,Total Coliform,MPN/100ml,"[01-10-2018, 31-10-2018]",,CPCB 2018,Sector 83,30.658143,76.724407
270,Faecal Coliform,MPN/100ml,"[01-10-2018, 31-10-2018]",,CPCB 2018,Sector 83,30.658143,76.724407
271,pH,-,"[01-11-2018, 30-11-2018]",7,CPCB 2018,Sector 83,30.658143,76.724407
272,Conductivity,µs/cm,"[01-11-2018, 30-11-2018]",611,CPCB 2018,Sector 83,30.658143,76.724407
273,DO,mg/l,"[01-11-2018, 30-11-2018]",,CPCB 2018,Sector 83,30.658143,76.724407
274,COD,mg/l,"[01-11-2018, 30-11-2018]",204,CPCB 2018,Sector 83,30.658143,76.724407
275,BOD,mg/l,"[01-11-2018, 30-11-2018]",65,CPCB 2018,Sector 83,30.658143,76.724407
276,NO3-N,mg/l,"[01-11-2018, 30-11-2018]",2,CPCB 2018,Sector 83,30.658143,76.724407
277,NH3-N,mg/l,"[01-11-2018, 30-11-2018]",23,CPCB 2018,Sector 83,30.658143,76.724407
278,Phosphate,mg/l,"[01-11-2018, 30-11-2018]",2.4,CPCB 2018,Sector 83,30.658143,76.724407
279,TSS,mg/l,"[01-11-2018, 30-11-2018]",120,CPCB 2018,Sector 83,30.658143,76.724407
280,TDS,mg/l,"[01-11-2018, 30-11-2018]",300,CPCB 2018,Sector 83,30.658143,76.724407
281,FS,mg/l,"[01-11-2018, 30-11-2018]",248,CPCB 2018,Sector 83,30.658143,76.724407
282,Turbidity,NTU,"[01-11-2018, 30-11-2018]",119,CPCB 2018,Sector 83,30.658143,76.724407
283,TH as CaCO3,mg/l,"[01-11-2018, 30-11-2018]",220,CPCB 2018,Sector 83,30.658143,76.724407
284,Ca as CaCO3,mg/l,"[01-11-2018, 30-11-2018]",142,CPCB 2018,Sector 83,30.658143,76.724407
285,Mg as CaCO3,mg/l,"[01-11-2018, 30-11-2018]",78,CPCB 2018,Sector 83,30.658143,76.724407
286,Sulphate,mg/l,"[01-11-2018, 30-11-2018]",74,CPCB 2018,Sector 83,30.658143,76.724407
287,Chloride,mg/l,"[01-11-2018, 30-11-2018]",41,CPCB 2018,Sector 83,30.658143,76.724407
288,Total alkalinity as CaCO3,mg/l,"[01-11-2018, 30-11-2018]",266,CPCB 2018,Sector 83,30.658143,76.724407
289,P-Alkalinity,mg/l,"[01-11-2018, 30-11-2018]",,CPCB 2018,Sector 83,30.658143,76.724407
290,Fluoride,mg/l,"[01-11-2018, 30-11-2018]",0.12,CPCB 2018,Sector 83,30.658143,76.724407
291,Colour,Hazen,"[01-11-2018, 30-11-2018]",30,CPCB 2018,Sector 83,30.658143,76.724407
292,Boron(B),mg/l,"[01-11-2018, 30-11-2018]",,CPCB 2018,Sector 83,30.658143,76.724407
293,TKN,mg/l,"[01-11-2018, 30-11-2018]",26,CPCB 2018,Sector 83,30.658143,76.724407
294,Potassium,mg/l,"[01-11-2018, 30-11-2018]",22,CPCB 2018,Sector 83,30.658143,76.724407
295,Sodium,mg/l,"[01-11-2018, 30-11-2018]",17,CPCB 2018,Sector 83,30.658143,76.724407
296,Total Coliform,MPN/100ml,"[01-11-2018, 30-11-2018]",,CPCB 2018,Sector 83,30.658143,76.724407
297,Faecal Coliform,MPN/100ml,"[01-11-2018, 30-11-2018]",,CPCB 2018,Sector 83,30.658143,76.724407
298,pH,-,"[01-12-2018, 31-12-2018]",7.1,CPCB 2018,Sector 83,30.658143,76.724407
299,Conductivity,µs/cm,"[01-12-2018, 31-12-2018]",696,CPCB 2018,Sector 83,30.658143,76.724407
300,DO,mg/l,"[01-12-2018, 31-12-2018]",,CPCB 2018,Sector 83,30.658143,76.724407
301,COD,mg/l,"[01-12-2018, 31-12-2018]",228,CPCB 2018,Sector 83,30.658143,76.724407
302,BOD,mg/l,"[01-12-2018, 31-12-2018]",69,CPCB 2018,Sector 83,30.658143,76.724407
303,NO3-N,mg/l,"[01-12-2018, 31-12-2018]",6.3,CPCB 2018,Sector 83,30.658143,76.724407
304,NH3-N,mg/l,"[01-12-2018, 31-12-2018]",29,CPCB 2018,Sector 83,30.658143,76.724407
305,Phosphate,mg/l,"[01-12-2018, 31-12-2018]",3.3,CPCB 2018,Sector 83,30.658143,76.724407
306,TSS,mg/l,"[01-12-2018, 31-12-2018]",113,CPCB 2018,Sector 83,30.658143,76.724407
307,TDS,mg/l,"[01-12-2018, 31-12-2018]",318,CPCB 2018,Sector 83,30.658143,76.724407
308,FS,mg/l,"[01-12-2018, 31-12-2018]",324,CPCB 2018,Sector 83,30.658143,76.724407
309,Turbidity,NTU,"[01-12-2018, 31-12-2018]",112,CPCB 2018,Sector 83,30.658143,76.724407
310,TH as CaCO3,mg/l,"[01-12-2018, 31-12-2018]",220,CPCB 2018,Sector 83,30.658143,76.724407
311,Ca as CaCO3,mg/l,"[01-12-2018, 31-12-2018]",140,CPCB 2018,Sector 83,30.658143,76.724407
312,Mg as CaCO3,mg/l,"[01-12-2018, 31-12-2018]",80,CPCB 2018,Sector 83,30.658143,76.724407
313,Sulphate,mg/l,"[01-12-2018, 31-12-2018]",66,CPCB 2018,Sector 83,30.658143,76.724407
314,Chloride,mg/l,"[01-12-2018, 31-12-2018]",40,CPCB 2018,Sector 83,30.658143,76.724407
315,Total alkalinity as CaCO3,mg/l,"[01-12-2018, 31-12-2018]",282,CPCB 2018,Sector 83,30.658143,76.724407
316,P-Alkalinity,mg/l,"[01-12-2018, 31-12-2018]",,CPCB 2018,Sector 83,30.658143,76.724407
317,Fluoride,mg/l,"[01-12-2018, 31-12-2018]",0.12,CPCB 2018,Sector 83,30.658143,76.724407
318,Colour,Hazen,"[01-12-2018, 31-12-2018]",30,CPCB 2018,Sector 83,30.658143,76.724407
319,Boron(B),mg/l,"[01-12-2018, 31-12-2018]",,CPCB 2018,Sector 83,30.658143,76.724407
320,TKN,mg/l,"[01-12-2018, 31-12-2018]",10.9,CPCB 2018,Sector 83,30.658143,76.724407
321,Potassium,mg/l,"[01-12-2018, 31-12-2018]",2,CPCB 2018,Sector 83,30.658143,76.724407
322,Sodium,mg/l,"[01-12-2018, 31-12-2018]",39,CPCB 2018,Sector 83,30.658143,76.724407
323,Total Coliform,MPN/100ml,"[01-12-2018, 31-12-2018]",,CPCB 2018,Sector 83,30.658143,76.724407
324,Faecal Coliform,MPN/100ml,"[01-12-2018, 31-12-2018]",,CPCB 2018,Sector 83,30.658143,76.724407
325,pH,,"[01-01-2024, 31-12-2024]",7.6,Green tribunal,NCM03 - Sector 83,30.658143,76.724407
326,COD,mg/l,"[01-01-2024, 31-12-2024]",111,Green tribunal,NCM03 - Sector 83,30.658143,76.724407
327,BOD,mg/l,"[01-01-2024, 31-12-2024]",31,Green tribunal,NCM03 - Sector 83,30.658143,76.724407
328,TSS,mg/l,"[01-01-2024, 31-12-2024]",49,Green tribunal,NCM03 - Sector 83,30.658143,76.724407
329,TDS,mg/l,"[01-01-2024, 31-12-2024]",484,Green tribunal,NCM03 - Sector 83,30.658143,76.724407
330,Conductivity,mg/l,"[01-01-2024, 31-12-2024]",920,Green tribunal,NCM03 - Sector 83,30.658143,76.724407
331,Chloride,mg/l,"[01-01-2024, 31-12-2024]",29,Green tribunal,NCM03 - Sector 83,30.658143,76.724407
332,Phosphate-P,mg/l,"[01-01-2024, 31-12-2024]",2,Green tribunal,NCM03 - Sector 83,30.658143,76.724407
333,NO2-N,mg/l,"[01-01-2024, 31-12-2024]",0,Green tribunal,NCM03 - Sector 83,30.658143,76.724407
334,NO3-N,mg/l,"[01-01-2024, 31-12-2024]",0.5,Green tribunal,NCM03 - Sector 83,30.658143,76.724407
335,NH3-N,mg/l,"[01-01-2024, 31-12-2024]",13,Green tribunal,NCM03 - Sector 83,30.658143,76.724407
336,SO4,mg/l,"[01-01-2024, 31-12-2024]",47,Green tribunal,NCM03 - Sector 83,30.658143,76.724407
337,Colour,CU,"[01-01-2024, 31-12-2024]",0,Green tribunal,NCM03 - Sector 83,30.658143,76.724407
338,TKN,mg/l,"[01-01-2024, 31-12-2024]",16,Green tribunal,NCM03 - Sector 83,30.658143,76.724407
339,T-Coliform,MPN/100 ml,"[01-01-2024, 31-12-2024]",79x10^5,Green tribunal,NCM03 - Sector 83,30.658143,76.724407
340,pH,-,"[01-01-2018, 31-01-2018]",6.5,CPCB,3BRD,30.6921376,76.7361159
341,Conductivity,µs/cm,"[01-01-2018, 31-01-2018]",,CPCB,3BRD,30.6921376,76.7361159
342,DO,mg/l,"[01-01-2018, 31-01-2018]",0.0,CPCB,3BRD,30.6921376,76.7361159
343,COD,mg/l,"[01-01-2018, 31-01-2018]",100.0,CPCB,3BRD,30.6921376,76.7361159
344,BOD,mg/l,"[01-01-2018, 31-01-2018]",33.0,CPCB,3BRD,30.6921376,76.7361159
345,NO3-N,mg/l,"[01-01-2018, 31-01-2018]",,CPCB,3BRD,30.6921376,76.7361159
346,NH3-N,mg/l,"[01-01-2018, 31-01-2018]",3.0,CPCB,3BRD,30.6921376,76.7361159
347,Phosphate,mg/l,"[01-01-2018, 31-01-2018]",,CPCB,3BRD,30.6921376,76.7361159
348,TSS,mg/l,"[01-01-2018, 31-01-2018]",52.0,CPCB,3BRD,30.6921376,76.7361159
349,TDS,mg/l,"[01-01-2018, 31-01-2018]",,CPCB,3BRD,30.6921376,76.7361159
350,FS,mg/l,"[01-01-2018, 31-01-2018]",,CPCB,3BRD,30.6921376,76.7361159
351,Turbidity,NTU,"[01-01-2018, 31-01-2018]",,CPCB,3BRD,30.6921376,76.7361159
352,TH as CaCO3,mg/l,"[01-01-2018, 31-01-2018]",,CPCB,3BRD,30.6921376,76.7361159
353,Ca as CaCO3,mg/l,"[01-01-2018, 31-01-2018]",,CPCB,3BRD,30.6921376,76.7361159
354,Mg as CaCO3,mg/l,"[01-01-2018, 31-01-2018]",,CPCB,3BRD,30.6921376,76.7361159
355,Sulphate,mg/l,"[01-01-2018, 31-01-2018]",,CPCB,3BRD,30.6921376,76.7361159
356,Chloride,mg/l,"[01-01-2018, 31-01-2018]",,CPCB,3BRD,30.6921376,76.7361159
357,Total alkalinity as CaCO3,mg/l,"[01-01-2018, 31-01-2018]",,CPCB,3BRD,30.6921376,76.7361159
358,P-Alkalinity,mg/l,"[01-01-2018, 31-01-2018]",,CPCB,3BRD,30.6921376,76.7361159
359,Fluoride,mg/l,"[01-01-2018, 31-01-2018]",,CPCB,3BRD,30.6921376,76.7361159
360,Colour,Hazen,"[01-01-2018, 31-01-2018]",,CPCB,3BRD,30.6921376,76.7361159
361,Boron(B),mg/l,"[01-01-2018, 31-01-2018]",,CPCB,3BRD,30.6921376,76.7361159
362,TKN,mg/l,"[01-01-2018, 31-01-2018]",,CPCB,3BRD,30.6921376,76.7361159
363,Potassium,mg/l,"[01-01-2018, 31-01-2018]",,CPCB,3BRD,30.6921376,76.7361159
364,Sodium,mg/l,"[01-01-2018, 31-01-2018]",,CPCB,3BRD,30.6921376,76.7361159
365,Total Coliform,MPN/100ml,"[01-01-2018, 31-01-2018]",3.8E+4,CPCB,3BRD,30.6921376,76.7361159
366,Faecal Coliform,MPN/100ml,"[01-01-2018, 31-01-2018]",3.2E+4,CPCB,3BRD,30.6921376,76.7361159
367,pH,-,"[01-02-2018, 28-02-2018]",7.3,CPCB,3BRD,30.6921376,76.7361159
368,Conductivity,µs/cm,"[01-02-2018, 28-02-2018]",,CPCB,3BRD,30.6921376,76.7361159
369,DO,mg/l,"[01-02-2018, 28-02-2018]",6.9,CPCB,3BRD,30.6921376,76.7361159
370,COD,mg/l,"[01-02-2018, 28-02-2018]",37.0,CPCB,3BRD,30.6921376,76.7361159
371,BOD,mg/l,"[01-02-2018, 28-02-2018]",15.0,CPCB,3BRD,30.6921376,76.7361159
372,NO3-N,mg/l,"[01-02-2018, 28-02-2018]",,CPCB,3BRD,30.6921376,76.7361159
373,NH3-N,mg/l,"[01-02-2018, 28-02-2018]",3.0,CPCB,3BRD,30.6921376,76.7361159
374,Phosphate,mg/l,"[01-02-2018, 28-02-2018]",,CPCB,3BRD,30.6921376,76.7361159
375,TSS,mg/l,"[01-02-2018, 28-02-2018]",27.0,CPCB,3BRD,30.6921376,76.7361159
376,TDS,mg/l,"[01-02-2018, 28-02-2018]",,CPCB,3BRD,30.6921376,76.7361159
377,FS,mg/l,"[01-02-2018, 28-02-2018]",,CPCB,3BRD,30.6921376,76.7361159
378,Turbidity,NTU,"[01-02-2018, 28-02-2018]",,CPCB,3BRD,30.6921376,76.7361159
379,TH as CaCO3,mg/l,"[01-02-2018, 28-02-2018]",,CPCB,3BRD,30.6921376,76.7361159
380,Ca as CaCO3,mg/l,"[01-02-2018, 28-02-2018]",,CPCB,3BRD,30.6921376,76.7361159
381,Mg as CaCO3,mg/l,"[01-02-2018, 28-02-2018]",,CPCB,3BRD,30.6921376,76.7361159
382,Sulphate,mg/l,"[01-02-2018, 28-02-2018]",,CPCB,3BRD,30.6921376,76.7361159
383,Chloride,mg/l,"[01-02-2018, 28-02-2018]",,CPCB,3BRD,30.6921376,76.7361159
384,Total alkalinity as CaCO3,mg/l,"[01-02-2018, 28-02-2018]",,CPCB,3BRD,30.6921376,76.7361159
385,P-Alkalinity,mg/l,"[01-02-2018, 28-02-2018]",,CPCB,3BRD,30.6921376,76.7361159
386,Fluoride,mg/l,"[01-02-2018, 28-02-2018]",,CPCB,3BRD,30.6921376,76.7361159
387,Colour,Hazen,"[01-02-2018, 28-02-2018]",,CPCB,3BRD,30.6921376,76.7361159
388,Boron(B),mg/l,"[01-02-2018, 28-02-2018]",,CPCB,3BRD,30.6921376,76.7361159
389,TKN,mg/l,"[01-02-2018, 28-02-2018]",,CPCB,3BRD,30.6921376,76.7361159
390,Potassium,mg/l,"[01-02-2018, 28-02-2018]",,CPCB,3BRD,30.6921376,76.7361159
391,Sodium,mg/l,"[01-02-2018, 28-02-2018]",,CPCB,3BRD,30.6921376,76.7361159
392,Total Coliform,MPN/100ml,"[01-02-2018, 28-02-2018]",21.0,CPCB,3BRD,30.6921376,76.7361159
393,Faecal Coliform,MPN/100ml,"[01-02-2018, 28-02-2018]",17.0,CPCB,3BRD,30.6921376,76.7361159
394,pH,-,"[01-03-2018, 31-03-2018]",7.3,CPCB,3BRD,30.6921376,76.7361159
395,Conductivity,µs/cm,"[01-03-2018, 31-03-2018]",,CPCB,3BRD,30.6921376,76.7361159
396,DO,mg/l,"[01-03-2018, 31-03-2018]",1.7,CPCB,3BRD,30.6921376,76.7361159
397,COD,mg/l,"[01-03-2018, 31-03-2018]",122.0,CPCB,3BRD,30.6921376,76.7361159
398,BOD,mg/l,"[01-03-2018, 31-03-2018]",50.0,CPCB,3BRD,30.6921376,76.7361159
399,NO3-N,mg/l,"[01-03-2018, 31-03-2018]",,CPCB,3BRD,30.6921376,76.7361159
400,NH3-N,mg/l,"[01-03-2018, 31-03-2018]",4.0,CPCB,3BRD,30.6921376,76.7361159
401,Phosphate,mg/l,"[01-03-2018, 31-03-2018]",,CPCB,3BRD,30.6921376,76.7361159
402,TSS,mg/l,"[01-03-2018, 31-03-2018]",93.0,CPCB,3BRD,30.6921376,76.7361159
403,TDS,mg/l,"[01-03-2018, 31-03-2018]",,CPCB,3BRD,30.6921376,76.7361159
404,FS,mg/l,"[01-03-2018, 31-03-2018]",,CPCB,3BRD,30.6921376,76.7361159
405,Turbidity,NTU,"[01-03-2018, 31-03-2018]",,CPCB,3BRD,30.6921376,76.7361159
406,TH as CaCO3,mg/l,"[01-03-2018, 31-03-2018]",,CPCB,3BRD,30.6921376,76.7361159
407,Ca as CaCO3,mg/l,"[01-03-2018, 31-03-2018]",,CPCB,3BRD,30.6921376,76.7361159
408,Mg as CaCO3,mg/l,"[01-03-2018, 31-03-2018]",,CPCB,3BRD,30.6921376,76.7361159
409,Sulphate,mg/l,"[01-03-2018, 31-03-2018]",,CPCB,3BRD,30.6921376,76.7361159
410,Chloride,mg/l,"[01-03-2018, 31-03-2018]",,CPCB,3BRD,30.6921376,76.7361159
411,Total alkalinity as CaCO3,mg/l,"[01-03-2018, 31-03-2018]",,CPCB,3BRD,30.6921376,76.7361159
412,P-Alkalinity,mg/l,"[01-03-2018, 31-03-2018]",,CPCB,3BRD,30.6921376,76.7361159
413,Fluoride,mg/l,"[01-03-2018, 31-03-2018]",,CPCB,3BRD,30.6921376,76.7361159
414,Colour,Hazen,"[01-03-2018, 31-03-2018]",,CPCB,3BRD,30.6921376,76.7361159
415,Boron(B),mg/l,"[01-03-2018, 31-03-2018]",,CPCB,3BRD,30.6921376,76.7361159
416,TKN,mg/l,"[01-03-2018, 31-03-2018]",,CPCB,3BRD,30.6921376,76.7361159
417,Potassium,mg/l,"[01-03-2018, 31-03-2018]",,CPCB,3BRD,30.6921376,76.7361159
418,Sodium,mg/l,"[01-03-2018, 31-03-2018]",,CPCB,3BRD,30.6921376,76.7361159
419,Total Coliform,MPN/100ml,"[01-03-2018, 31-03-2018]",6.9E+4,CPCB,3BRD,30.6921376,76.7361159
420,Faecal Coliform,MPN/100ml,"[01-03-2018, 31-03-2018]",4.5E+4,CPCB,3BRD,30.6921376,76.7361159
421,pH,-,"[01-04-2018, 30-04-2018]",7.2,CPCB,3BRD,30.6921376,76.7361159
422,Conductivity,µs/cm,"[01-04-2018, 30-04-2018]",,CPCB,3BRD,30.6921376,76.7361159
423,DO,mg/l,"[01-04-2018, 30-04-2018]",6.2,CPCB,3BRD,30.6921376,76.7361159
424,COD,mg/l,"[01-04-2018, 30-04-2018]",33.0,CPCB,3BRD,30.6921376,76.7361159
425,BOD,mg/l,"[01-04-2018, 30-04-2018]",9.0,CPCB,3BRD,30.6921376,76.7361159
426,NO3-N,mg/l,"[01-04-2018, 30-04-2018]",,CPCB,3BRD,30.6921376,76.7361159
427,NH3-N,mg/l,"[01-04-2018, 30-04-2018]",3.0,CPCB,3BRD,30.6921376,76.7361159
428,Phosphate,mg/l,"[01-04-2018, 30-04-2018]",,CPCB,3BRD,30.6921376,76.7361159
429,TSS,mg/l,"[01-04-2018, 30-04-2018]",28.0,CPCB,3BRD,30.6921376,76.7361159
430,TDS,mg/l,"[01-04-2018, 30-04-2018]",,CPCB,3BRD,30.6921376,76.7361159
431,FS,mg/l,"[01-04-2018, 30-04-2018]",,CPCB,3BRD,30.6921376,76.7361159
432,Turbidity,NTU,"[01-04-2018, 30-04-2018]",,CPCB,3BRD,30.6921376,76.7361159
433,TH as CaCO3,mg/l,"[01-04-2018, 30-04-2018]",,CPCB,3BRD,30.6921376,76.7361159
434,Ca as CaCO3,mg/l,"[01-04-2018, 30-04-2018]",,CPCB,3BRD,30.6921376,76.7361159
435,Mg as CaCO3,mg/l,"[01-04-2018, 30-04-2018]",,CPCB,3BRD,30.6921376,76.7361159
436,Sulphate,mg/l,"[01-04-2018, 30-04-2018]",,CPCB,3BRD,30.6921376,76.7361159
437,Chloride,mg/l,"[01-04-2018, 30-04-2018]",,CPCB,3BRD,30.6921376,76.7361159
438,Total alkalinity as CaCO3,mg/l,"[01-04-2018, 30-04-2018]",,CPCB,3BRD,30.6921376,76.7361159
439,P-Alkalinity,mg/l,"[01-04-2018, 30-04-2018]",,CPCB,3BRD,30.6921376,76.7361159
440,Fluoride,mg/l,"[01-04-2018, 30-04-2018]",,CPCB,3BRD,30.6921376,76.7361159
441,Colour,Hazen,"[01-04-2018, 30-04-2018]",,CPCB,3BRD,30.6921376,76.7361159
442,Boron(B),mg/l,"[01-04-2018, 30-04-2018]",,CPCB,3BRD,30.6921376,76.7361159
443,TKN,mg/l,"[01-04-2018, 30-04-2018]",,CPCB,3BRD,30.6921376,76.7361159
444,Potassium,mg/l,"[01-04-2018, 30-04-2018]",,CPCB,3BRD,30.6921376,76.7361159
445,Sodium,mg/l,"[01-04-2018, 30-04-2018]",,CPCB,3BRD,30.6921376,76.7361159
446,Total Coliform,MPN/100ml,"[01-04-2018, 30-04-2018]",3000.0,CPCB,3BRD,30.6921376,76.7361159
447,Faecal Coliform,MPN/100ml,"[01-04-2018, 30-04-2018]",2200.0,CPCB,3BRD,30.6921376,76.7361159
448,pH,-,"[01-05-2018, 31-05-2018]",7.2,CPCB,3BRD,30.6921376,76.7361159
449,Conductivity,µs/cm,"[01-05-2018, 31-05-2018]",,CPCB,3BRD,30.6921376,76.7361159
450,DO,mg/l,"[01-05-2018, 31-05-2018]",5.9,CPCB,3BRD,30.6921376,76.7361159
451,COD,mg/l,"[01-05-2018, 31-05-2018]",27.0,CPCB,3BRD,30.6921376,76.7361159
452,BOD,mg/l,"[01-05-2018, 31-05-2018]",7.0,CPCB,3BRD,30.6921376,76.7361159
453,NO3-N,mg/l,"[01-05-2018, 31-05-2018]",,CPCB,3BRD,30.6921376,76.7361159
454,NH3-N,mg/l,"[01-05-2018, 31-05-2018]",7.0,CPCB,3BRD,30.6921376,76.7361159
455,Phosphate,mg/l,"[01-05-2018, 31-05-2018]",,CPCB,3BRD,30.6921376,76.7361159
456,TSS,mg/l,"[01-05-2018, 31-05-2018]",10.0,CPCB,3BRD,30.6921376,76.7361159
457,TDS,mg/l,"[01-05-2018, 31-05-2018]",,CPCB,3BRD,30.6921376,76.7361159
458,FS,mg/l,"[01-05-2018, 31-05-2018]",,CPCB,3BRD,30.6921376,76.7361159
459,Turbidity,NTU,"[01-05-2018, 31-05-2018]",,CPCB,3BRD,30.6921376,76.7361159
460,TH as CaCO3,mg/l,"[01-05-2018, 31-05-2018]",,CPCB,3BRD,30.6921376,76.7361159
461,Ca as CaCO3,mg/l,"[01-05-2018, 31-05-2018]",,CPCB,3BRD,30.6921376,76.7361159
462,Mg as CaCO3,mg/l,"[01-05-2018, 31-05-2018]",,CPCB,3BRD,30.6921376,76.7361159
463,Sulphate,mg/l,"[01-05-2018, 31-05-2018]",,CPCB,3BRD,30.6921376,76.7361159
464,Chloride,mg/l,"[01-05-2018, 31-05-2018]",,CPCB,3BRD,30.6921376,76.7361159
465,Total alkalinity as CaCO3,mg/l,"[01-05-2018, 31-05-2018]",,CPCB,3BRD,30.6921376,76.7361159
466,P-Alkalinity,mg/l,"[01-05-2018, 31-05-2018]",,CPCB,3BRD,30.6921376,76.7361159
467,Fluoride,mg/l,"[01-05-2018, 31-05-2018]",,CPCB,3BRD,30.6921376,76.7361159
468,Colour,Hazen,"[01-05-2018, 31-05-2018]",,CPCB,3BRD,30.6921376,76.7361159
469,Boron(B),mg/l,"[01-05-2018, 31-05-2018]",,CPCB,3BRD,30.6921376,76.7361159
470,TKN,mg/l,"[01-05-2018, 31-05-2018]",,CPCB,3BRD,30.6921376,76.7361159
471,Potassium,mg/l,"[01-05-2018, 31-05-2018]",,CPCB,3BRD,30.6921376,76.7361159
472,Sodium,mg/l,"[01-05-2018, 31-05-2018]",,CPCB,3BRD,30.6921376,76.7361159
473,Total Coliform,MPN/100ml,"[01-05-2018, 31-05-2018]",1.1E+4,CPCB,3BRD,30.6921376,76.7361159
474,Faecal Coliform,MPN/100ml,"[01-05-2018, 31-05-2018]",4500.0,CPCB,3BRD,30.6921376,76.7361159
475,pH,-,"[01-06-2018, 30-06-2018]",7.3,CPCB,3BRD,30.6921376,76.7361159
476,Conductivity,µs/cm,"[01-06-2018, 30-06-2018]",,CPCB,3BRD,30.6921376,76.7361159
477,DO,mg/l,"[01-06-2018, 30-06-2018]",4.4,CPCB,3BRD,30.6921376,76.7361159
478,COD,mg/l,"[01-06-2018, 30-06-2018]",34.0,CPCB,3BRD,30.6921376,76.7361159
479,BOD,mg/l,"[01-06-2018, 30-06-2018]",11.0,CPCB,3BRD,30.6921376,76.7361159
480,NO3-N,mg/l,"[01-06-2018, 30-06-2018]",,CPCB,3BRD,30.6921376,76.7361159
481,NH3-N,mg/l,"[01-06-2018, 30-06-2018]",3.0,CPCB,3BRD,30.6921376,76.7361159
482,Phosphate,mg/l,"[01-06-2018, 30-06-2018]",,CPCB,3BRD,30.6921376,76.7361159
483,TSS,mg/l,"[01-06-2018, 30-06-2018]",35.0,CPCB,3BRD,30.6921376,76.7361159
484,TDS,mg/l,"[01-06-2018, 30-06-2018]",,CPCB,3BRD,30.6921376,76.7361159
485,FS,mg/l,"[01-06-2018, 30-06-2018]",,CPCB,3BRD,30.6921376,76.7361159
486,Turbidity,NTU,"[01-06-2018, 30-06-2018]",,CPCB,3BRD,30.6921376,76.7361159
487,TH as CaCO3,mg/l,"[01-06-2018, 30-06-2018]",,CPCB,3BRD,30.6921376,76.7361159
488,Ca as CaCO3,mg/l,"[01-06-2018, 30-06-2018]",,CPCB,3BRD,30.6921376,76.7361159
489,Mg as CaCO3,mg/l,"[01-06-2018, 30-06-2018]",,CPCB,3BRD,30.6921376,76.7361159
490,Sulphate,mg/l,"[01-06-2018, 30-06-2018]",,CPCB,3BRD,30.6921376,76.7361159
491,Chloride,mg/l,"[01-06-2018, 30-06-2018]",,CPCB,3BRD,30.6921376,76.7361159
492,Total alkalinity as CaCO3,mg/l,"[01-06-2018, 30-06-2018]",,CPCB,3BRD,30.6921376,76.7361159
493,P-Alkalinity,mg/l,"[01-06-2018, 30-06-2018]",,CPCB,3BRD,30.6921376,76.7361159
494,Fluoride,mg/l,"[01-06-2018, 30-06-2018]",,CPCB,3BRD,30.6921376,76.7361159
495,Colour,Hazen,"[01-06-2018, 30-06-2018]",,CPCB,3BRD,30.6921376,76.7361159
496,Boron(B),mg/l,"[01-06-2018, 30-06-2018]",,CPCB,3BRD,30.6921376,76.7361159
497,TKN,mg/l,"[01-06-2018, 30-06-2018]",,CPCB,3BRD,30.6921376,76.7361159
498,Potassium,mg/l,"[01-06-2018, 30-06-2018]",,CPCB,3BRD,30.6921376,76.7361159
499,Sodium,mg/l,"[01-06-2018, 30-06-2018]",,CPCB,3BRD,30.6921376,76.7361159
500,Total Coliform,MPN/100ml,"[01-06-2018, 30-06-2018]",1100.0,CPCB,3BRD,30.6921376,76.7361159
501,Faecal Coliform,MPN/100ml,"[01-06-2018, 30-06-2018]",690.0,CPCB,3BRD,30.6921376,76.7361159
502,pH,-,"[01-07-2018, 31-07-2018]",7.5,CPCB,3BRD,30.6921376,76.7361159
503,Conductivity,µs/cm,"[01-07-2018, 31-07-2018]",,CPCB,3BRD,30.6921376,76.7361159
504,DO,mg/l,"[01-07-2018, 31-07-2018]",5.4,CPCB,3BRD,30.6921376,76.7361159
505,COD,mg/l,"[01-07-2018, 31-07-2018]",73.0,CPCB,3BRD,30.6921376,76.7361159
506,BOD,mg/l,"[01-07-2018, 31-07-2018]",25.0,CPCB,3BRD,30.6921376,76.7361159
507,NO3-N,mg/l,"[01-07-2018, 31-07-2018]",,CPCB,3BRD,30.6921376,76.7361159
508,NH3-N,mg/l,"[01-07-2018, 31-07-2018]",5.0,CPCB,3BRD,30.6921376,76.7361159
509,Phosphate,mg/l,"[01-07-2018, 31-07-2018]",,CPCB,3BRD,30.6921376,76.7361159
510,TSS,mg/l,"[01-07-2018, 31-07-2018]",77.0,CPCB,3BRD,30.6921376,76.7361159
511,TDS,mg/l,"[01-07-2018, 31-07-2018]",,CPCB,3BRD,30.6921376,76.7361159
512,FS,mg/l,"[01-07-2018, 31-07-2018]",,CPCB,3BRD,30.6921376,76.7361159
513,Turbidity,NTU,"[01-07-2018, 31-07-2018]",,CPCB,3BRD,30.6921376,76.7361159
514,TH as CaCO3,mg/l,"[01-07-2018, 31-07-2018]",,CPCB,3BRD,30.6921376,76.7361159
515,Ca as CaCO3,mg/l,"[01-07-2018, 31-07-2018]",,CPCB,3BRD,30.6921376,76.7361159
516,Mg as CaCO3,mg/l,"[01-07-2018, 31-07-2018]",,CPCB,3BRD,30.6921376,76.7361159
517,Sulphate,mg/l,"[01-07-2018, 31-07-2018]",,CPCB,3BRD,30.6921376,76.7361159
518,Chloride,mg/l,"[01-07-2018, 31-07-2018]",,CPCB,3BRD,30.6921376,76.7361159
519,Total alkalinity as CaCO3,mg/l,"[01-07-2018, 31-07-2018]",,CPCB,3BRD,30.6921376,76.7361159
520,P-Alkalinity,mg/l,"[01-07-2018, 31-07-2018]",,CPCB,3BRD,30.6921376,76.7361159
521,Fluoride,mg/l,"[01-07-2018, 31-07-2018]",,CPCB,3BRD,30.6921376,76.7361159
522,Colour,Hazen,"[01-07-2018, 31-07-2018]",,CPCB,3BRD,30.6921376,76.7361159
523,Boron(B),mg/l,"[01-07-2018, 31-07-2018]",,CPCB,3BRD,30.6921376,76.7361159
524,TKN,mg/l,"[01-07-2018, 31-07-2018]",,CPCB,3BRD,30.6921376,76.7361159
525,Potassium,mg/l,"[01-07-2018, 31-07-2018]",,CPCB,3BRD,30.6921376,76.7361159
526,Sodium,mg/l,"[01-07-2018, 31-07-2018]",,CPCB,3BRD,30.6921376,76.7361159
527,Total Coliform,MPN/100ml,"[01-07-2018, 31-07-2018]",1800.0,CPCB,3BRD,30.6921376,76.7361159
528,Faecal Coliform,MPN/100ml,"[01-07-2018, 31-07-2018]",920.0,CPCB,3BRD,30.6921376,76.7361159
529,pH,-,"[01-08-2018, 31-08-2018]",7.3,CPCB,3BRD,30.6921376,76.7361159
530,Conductivity,µs/cm,"[01-08-2018, 31-08-2018]",,CPCB,3BRD,30.6921376,76.7361159
531,DO,mg/l,"[01-08-2018, 31-08-2018]",4.6,CPCB,3BRD,30.6921376,76.7361159
532,COD,mg/l,"[01-08-2018, 31-08-2018]",25.0,CPCB,3BRD,30.6921376,76.7361159
533,BOD,mg/l,"[01-08-2018, 31-08-2018]",9.0,CPCB,3BRD,30.6921376,76.7361159
534,NO3-N,mg/l,"[01-08-2018, 31-08-2018]",,CPCB,3BRD,30.6921376,76.7361159
535,NH3-N,mg/l,"[01-08-2018, 31-08-2018]",5.0,CPCB,3BRD,30.6921376,76.7361159
536,Phosphate,mg/l,"[01-08-2018, 31-08-2018]",,CPCB,3BRD,30.6921376,76.7361159
537,TSS,mg/l,"[01-08-2018, 31-08-2018]",5.0,CPCB,3BRD,30.6921376,76.7361159
538,TDS,mg/l,"[01-08-2018, 31-08-2018]",,CPCB,3BRD,30.6921376,76.7361159
539,FS,mg/l,"[01-08-2018, 31-08-2018]",,CPCB,3BRD,30.6921376,76.7361159
540,Turbidity,NTU,"[01-08-2018, 31-08-2018]",,CPCB,3BRD,30.6921376,76.7361159
541,TH as CaCO3,mg/l,"[01-08-2018, 31-08-2018]",,CPCB,3BRD,30.6921376,76.7361159
542,Ca as CaCO3,mg/l,"[01-08-2018, 31-08-2018]",,CPCB,3BRD,30.6921376,76.7361159
543,Mg as CaCO3,mg/l,"[01-08-2018, 31-08-2018]",,CPCB,3BRD,30.6921376,76.7361159
544,Sulphate,mg/l,"[01-08-2018, 31-08-2018]",,CPCB,3BRD,30.6921376,76.7361159
545,Chloride,mg/l,"[01-08-2018, 31-08-2018]",,CPCB,3BRD,30.6921376,76.7361159
546,Total alkalinity as CaCO3,mg/l,"[01-08-2018, 31-08-2018]",,CPCB,3BRD,30.6921376,76.7361159
547,P-Alkalinity,mg/l,"[01-08-2018, 31-08-2018]",,CPCB,3BRD,30.6921376,76.7361159
548,Fluoride,mg/l,"[01-08-2018, 31-08-2018]",,CPCB,3BRD,30.6921376,76.7361159
549,Colour,Hazen,"[01-08-2018, 31-08-2018]",,CPCB,3BRD,30.6921376,76.7361159
550,Boron(B),mg/l,"[01-08-2018, 31-08-2018]",,CPCB,3BRD,30.6921376,76.7361159
551,TKN,mg/l,"[01-08-2018, 31-08-2018]",,CPCB,3BRD,30.6921376,76.7361159
552,Potassium,mg/l,"[01-08-2018, 31-08-2018]",,CPCB,3BRD,30.6921376,76.7361159
553,Sodium,mg/l,"[01-08-2018, 31-08-2018]",,CPCB,3BRD,30.6921376,76.7361159
554,Total Coliform,MPN/100ml,"[01-08-2018, 31-08-2018]",7600.0,CPCB,3BRD,30.6921376,76.7361159
555,Faecal Coliform,MPN/100ml,"[01-08-2018, 31-08-2018]",3200.0,CPCB,3BRD,30.6921376,76.7361159
556,pH,-,"[01-09-2018, 30-09-2018]",7.7,CPCB,3BRD,30.6921376,76.7361159
557,Conductivity,µs/cm,"[01-09-2018, 30-09-2018]",,CPCB,3BRD,30.6921376,76.7361159
558,DO,mg/l,"[01-09-2018, 30-09-2018]",5.1,CPCB,3BRD,30.6921376,76.7361159
559,COD,mg/l,"[01-09-2018, 30-09-2018]",17.0,CPCB,3BRD,30.6921376,76.7361159
560,BOD,mg/l,"[01-09-2018, 30-09-2018]",5.0,CPCB,3BRD,30.6921376,76.7361159
561,NO3-N,mg/l,"[01-09-2018, 30-09-2018]",,CPCB,3BRD,30.6921376,76.7361159
562,NH3-N,mg/l,"[01-09-2018, 30-09-2018]",3.0,CPCB,3BRD,30.6921376,76.7361159
563,Phosphate,mg/l,"[01-09-2018, 30-09-2018]",,CPCB,3BRD,30.6921376,76.7361159
564,TSS,mg/l,"[01-09-2018, 30-09-2018]",25.0,CPCB,3BRD,30.6921376,76.7361159
565,TDS,mg/l,"[01-09-2018, 30-09-2018]",,CPCB,3BRD,30.6921376,76.7361159
566,FS,mg/l,"[01-09-2018, 30-09-2018]",,CPCB,3BRD,30.6921376,76.7361159
567,Turbidity,NTU,"[01-09-2018, 30-09-2018]",,CPCB,3BRD,30.6921376,76.7361159
568,TH as CaCO3,mg/l,"[01-09-2018, 30-09-2018]",,CPCB,3BRD,30.6921376,76.7361159
569,Ca as CaCO3,mg/l,"[01-09-2018, 30-09-2018]",,CPCB,3BRD,30.6921376,76.7361159
570,Mg as CaCO3,mg/l,"[01-09-2018, 30-09-2018]",,CPCB,3BRD,30.6921376,76.7361159
571,Sulphate,mg/l,"[01-09-2018, 30-09-2018]",,CPCB,3BRD,30.6921376,76.7361159
572,Chloride,mg/l,"[01-09-2018, 30-09-2018]",,CPCB,3BRD,30.6921376,76.7361159
573,Total alkalinity as CaCO3,mg/l,"[01-09-2018, 30-09-2018]",,CPCB,3BRD,30.6921376,76.7361159
574,P-Alkalinity,mg/l,"[01-09-2018, 30-09-2018]",,CPCB,3BRD,30.6921376,76.7361159
575,Fluoride,mg/l,"[01-09-2018, 30-09-2018]",,CPCB,3BRD,30.6921376,76.7361159
576,Colour,Hazen,"[01-09-2018, 30-09-2018]",,CPCB,3BRD,30.6921376,76.7361159
577,Boron(B),mg/l,"[01-09-2018, 30-09-2018]",,CPCB,3BRD,30.6921376,76.7361159
578,TKN,mg/l,"[01-09-2018, 30-09-2018]",,CPCB,3BRD,30.6921376,76.7361159
579,Potassium,mg/l,"[01-09-2018, 30-09-2018]",,CPCB,3BRD,30.6921376,76.7361159
580,Sodium,mg/l,"[01-09-2018, 30-09-2018]",,CPCB,3BRD,30.6921376,76.7361159
581,Total Coliform,MPN/100ml,"[01-09-2018, 30-09-2018]",7.6E+4,CPCB,3BRD,30.6921376,76.7361159
582,Faecal Coliform,MPN/100ml,"[01-09-2018, 30-09-2018]",1.4E+4,CPCB,3BRD,30.6921376,76.7361159
583,pH,-,"[01-10-2018, 31-10-2018]",7.3,CPCB,3BRD,30.6921376,76.7361159
584,Conductivity,µs/cm,"[01-10-2018, 31-10-2018]",,CPCB,3BRD,30.6921376,76.7361159
585,DO,mg/l,"[01-10-2018, 31-10-2018]",4.8,CPCB,3BRD,30.6921376,76.7361159
586,COD,mg/l,"[01-10-2018, 31-10-2018]",11.0,CPCB,3BRD,30.6921376,76.7361159
587,BOD,mg/l,"[01-10-2018, 31-10-2018]",3.0,CPCB,3BRD,30.6921376,76.7361159
588,NO3-N,mg/l,"[01-10-2018, 31-10-2018]",,CPCB,3BRD,30.6921376,76.7361159
589,NH3-N,mg/l,"[01-10-2018, 31-10-2018]",3.0,CPCB,3BRD,30.6921376,76.7361159
590,Phosphate,mg/l,"[01-10-2018, 31-10-2018]",,CPCB,3BRD,30.6921376,76.7361159
591,TSS,mg/l,"[01-10-2018, 31-10-2018]",9.0,CPCB,3BRD,30.6921376,76.7361159
592,TDS,mg/l,"[01-10-2018, 31-10-2018]",,CPCB,3BRD,30.6921376,76.7361159
593,FS,mg/l,"[01-10-2018, 31-10-2018]",,CPCB,3BRD,30.6921376,76.7361159
594,Turbidity,NTU,"[01-10-2018, 31-10-2018]",,CPCB,3BRD,30.6921376,76.7361159
595,TH as CaCO3,mg/l,"[01-10-2018, 31-10-2018]",,CPCB,3BRD,30.6921376,76.7361159
596,Ca as CaCO3,mg/l,"[01-10-2018, 31-10-2018]",,CPCB,3BRD,30.6921376,76.7361159
597,Mg as CaCO3,mg/l,"[01-10-2018, 31-10-2018]",,CPCB,3BRD,30.6921376,76.7361159
598,Sulphate,mg/l,"[01-10-2018, 31-10-2018]",,CPCB,3BRD,30.6921376,76.7361159
599,Chloride,mg/l,"[01-10-2018, 31-10-2018]",,CPCB,3BRD,30.6921376,76.7361159
600,Total alkalinity as CaCO3,mg/l,"[01-10-2018, 31-10-2018]",,CPCB,3BRD,30.6921376,76.7361159
601,P-Alkalinity,mg/l,"[01-10-2018, 31-10-2018]",,CPCB,3BRD,30.6921376,76.7361159
602,Fluoride,mg/l,"[01-10-2018, 31-10-2018]",,CPCB,3BRD,30.6921376,76.7361159
603,Colour,Hazen,"[01-10-2018, 31-10-2018]",,CPCB,3BRD,30.6921376,76.7361159
604,Boron(B),mg/l,"[01-10-2018, 31-10-2018]",,CPCB,3BRD,30.6921376,76.7361159
605,TKN,mg/l,"[01-10-2018, 31-10-2018]",,CPCB,3BRD,30.6921376,76.7361159
606,Potassium,mg/l,"[01-10-2018, 31-10-2018]",,CPCB,3BRD,30.6921376,76.7361159
607,Sodium,mg/l,"[01-10-2018, 31-10-2018]",,CPCB,3BRD,30.6921376,76.7361159
608,Total Coliform,MPN/100ml,"[01-10-2018, 31-10-2018]",9300.0,CPCB,3BRD,30.6921376,76.7361159
609,Faecal Coliform,MPN/100ml,"[01-10-2018, 31-10-2018]",6100.0,CPCB,3BRD,30.6921376,76.7361159
610,pH,-,"[01-11-2018, 30-11-2018]",7.3,CPCB,3BRD,30.6921376,76.7361159
611,Conductivity,µs/cm,"[01-11-2018, 30-11-2018]",,CPCB,3BRD,30.6921376,76.7361159
612,DO,mg/l,"[01-11-2018, 30-11-2018]",5.6,CPCB,3BRD,30.6921376,76.7361159
613,COD,mg/l,"[01-11-2018, 30-11-2018]",32.0,CPCB,3BRD,30.6921376,76.7361159
614,BOD,mg/l,"[01-11-2018, 30-11-2018]",8.0,CPCB,3BRD,30.6921376,76.7361159
615,NO3-N,mg/l,"[01-11-2018, 30-11-2018]",,CPCB,3BRD,30.6921376,76.7361159
616,NH3-N,mg/l,"[01-11-2018, 30-11-2018]",6.0,CPCB,3BRD,30.6921376,76.7361159
617,Phosphate,mg/l,"[01-11-2018, 30-11-2018]",,CPCB,3BRD,30.6921376,76.7361159
618,TSS,mg/l,"[01-11-2018, 30-11-2018]",7.0,CPCB,3BRD,30.6921376,76.7361159
619,TDS,mg/l,"[01-11-2018, 30-11-2018]",,CPCB,3BRD,30.6921376,76.7361159
620,FS,mg/l,"[01-11-2018, 30-11-2018]",,CPCB,3BRD,30.6921376,76.7361159
621,Turbidity,NTU,"[01-11-2018, 30-11-2018]",,CPCB,3BRD,30.6921376,76.7361159
622,TH as CaCO3,mg/l,"[01-11-2018, 30-11-2018]",,CPCB,3BRD,30.6921376,76.7361159
623,Ca as CaCO3,mg/l,"[01-11-2018, 30-11-2018]",,CPCB,3BRD,30.6921376,76.7361159
624,Mg as CaCO3,mg/l,"[01-11-2018, 30-11-2018]",,CPCB,3BRD,30.6921376,76.7361159
625,Sulphate,mg/l,"[01-11-2018, 30-11-2018]",,CPCB,3BRD,30.6921376,76.7361159
626,Chloride,mg/l,"[01-11-2018, 30-11-2018]",,CPCB,3BRD,30.6921376,76.7361159
627,Total alkalinity as CaCO3,mg/l,"[01-11-2018, 30-11-2018]",,CPCB,3BRD,30.6921376,76.7361159
628,P-Alkalinity,mg/l,"[01-11-2018, 30-11-2018]",,CPCB,3BRD,30.6921376,76.7361159
629,Fluoride,mg/l,"[01-11-2018, 30-11-2018]",,CPCB,3BRD,30.6921376,76.7361159
630,Colour,Hazen,"[01-11-2018, 30-11-2018]",,CPCB,3BRD,30.6921376,76.7361159
631,Boron(B),mg/l,"[01-11-2018, 30-11-2018]",,CPCB,3BRD,30.6921376,76.7361159
632,TKN,mg/l,"[01-11-2018, 30-11-2018]",,CPCB,3BRD,30.6921376,76.7361159
633,Potassium,mg/l,"[01-11-2018, 30-11-2018]",,CPCB,3BRD,30.6921376,76.7361159
634,Sodium,mg/l,"[01-11-2018, 30-11-2018]",,CPCB,3BRD,30.6921376,76.7361159
635,Total Coliform,MPN/100ml,"[01-11-2018, 30-11-2018]",8E+4,CPCB,3BRD,30.6921376,76.7361159
636,Faecal Coliform,MPN/100ml,"[01-11-2018, 30-11-2018]",4.5E+4,CPCB,3BRD,30.6921376,76.7361159
637,pH,-,"[01-12-2018, 31-12-2018]",7.3,CPCB,3BRD,30.6921376,76.7361159
638,Conductivity,µs/cm,"[01-12-2018, 31-12-2018]",,CPCB,3BRD,30.6921376,76.7361159
639,DO,mg/l,"[01-12-2018, 31-12-2018]",3.6,CPCB,3BRD,30.6921376,76.7361159
640,COD,mg/l,"[01-12-2018, 31-12-2018]",28.0,CPCB,3BRD,30.6921376,76.7361159
641,BOD,mg/l,"[01-12-2018, 31-12-2018]",9.0,CPCB,3BRD,30.6921376,76.7361159
642,NO3-N,mg/l,"[01-12-2018, 31-12-2018]",,CPCB,3BRD,30.6921376,76.7361159
643,NH3-N,mg/l,"[01-12-2018, 31-12-2018]",10.0,CPCB,3BRD,30.6921376,76.7361159
644,Phosphate,mg/l,"[01-12-2018, 31-12-2018]",,CPCB,3BRD,30.6921376,76.7361159
645,TSS,mg/l,"[01-12-2018, 31-12-2018]",7.0,CPCB,3BRD,30.6921376,76.7361159
646,TDS,mg/l,"[01-12-2018, 31-12-2018]",,CPCB,3BRD,30.6921376,76.7361159
647,FS,mg/l,"[01-12-2018, 31-12-2018]",,CPCB,3BRD,30.6921376,76.7361159
648,Turbidity,NTU,"[01-12-2018, 31-12-2018]",,CPCB,3BRD,30.6921376,76.7361159
649,TH as CaCO3,mg/l,"[01-12-2018, 31-12-2018]",,CPCB,3BRD,30.6921376,76.7361159
650,Ca as CaCO3,mg/l,"[01-12-2018, 31-12-2018]",,CPCB,3BRD,30.6921376,76.7361159
651,Mg as CaCO3,mg/l,"[01-12-2018, 31-12-2018]",,CPCB,3BRD,30.6921376,76.7361159
652,Sulphate,mg/l,"[01-12-2018, 31-12-2018]",,CPCB,3BRD,30.6921376,76.7361159
653,Chloride,mg/l,"[01-12-2018, 31-12-2018]",,CPCB,3BRD,30.6921376,76.7361159
654,Total alkalinity as CaCO3,mg/l,"[01-12-2018, 31-12-2018]",,CPCB,3BRD,30.6921376,76.7361159
655,P-Alkalinity,mg/l,"[01-12-2018, 31-12-2018]",,CPCB,3BRD,30.6921376,76.7361159
656,Fluoride,mg/l,"[01-12-2018, 31-12-2018]",,CPCB,3BRD,30.6921376,76.7361159
657,Colour,Hazen,"[01-12-2018, 31-12-2018]",,CPCB,3BRD,30.6921376,76.7361159
658,Boron(B),mg/l,"[01-12-2018, 31-12-2018]",,CPCB,3BRD,30.6921376,76.7361159
659,TKN,mg/l,"[01-12-2018, 31-12-2018]",,CPCB,3BRD,30.6921376,76.7361159
660,Potassium,mg/l,"[01-12-2018, 31-12-2018]",,CPCB,3BRD,30.6921376,76.7361159
661,Sodium,mg/l,"[01-12-2018, 31-12-2018]",,CPCB,3BRD,30.6921376,76.7361159
662,Total Coliform,MPN/100ml,"[01-12-2018, 31-12-2018]",7.6E+4,CPCB,3BRD,30.6921376,76.7361159
663,Faecal Coliform,MPN/100ml,"[01-12-2018, 31-12-2018]",4E+4,CPCB,3BRD,30.6921376,76.7361159
664,BOD,mg/l,"[01-04-2020, 30-04-2020]",10.0,CPCB,3BRD,30.6921376,76.7361159
665,TSS,mg/l,"[01-04-2020, 30-04-2020]",19.0,CPCB,3BRD,30.6921376,76.7361159
666,Faecal Coliform,MPN/100ml,"[01-04-2020, 30-04-2020]",0.0,CPCB,3BRD,30.6921376,76.7361159
667,BOD,mg/l,"[01-05-2020, 31-05-2020]",10.0,CPCB,3BRD,30.6921376,76.7361159
668,TSS,mg/l,"[01-05-2020, 31-05-2020]",10.0,CPCB,3BRD,30.6921376,76.7361159
669,Faecal Coliform,MPN/100ml,"[01-05-2020, 31-05-2020]",230.0,CPCB,3BRD,30.6921376,76.7361159
670,BOD,mg/l,"[01-06-2020, 30-06-2020]",9.0,CPCB,3BRD,30.6921376,76.7361159
671,TSS,mg/l,"[01-06-2020, 30-06-2020]",3.0,CPCB,3BRD,30.6921376,76.7361159
672,Faecal Coliform,MPN/100ml,"[01-06-2020, 30-06-2020]",490.00000000000006,CPCB,3BRD,30.6921376,76.7361159
673,pH,-,"[01-01-2018, 31-01-2018]",6.5,CPCB,Diggian,30.6762491,76.7282489
674,Conductivity,µs/cm,"[01-01-2018, 31-01-2018]",,CPCB,Diggian,30.6762491,76.7282489
675,DO,mg/l,"[01-01-2018, 31-01-2018]",0.0,CPCB,Diggian,30.6762491,76.7282489
676,COD,mg/l,"[01-01-2018, 31-01-2018]",198.0,CPCB,Diggian,30.6762491,76.7282489
677,BOD,mg/l,"[01-01-2018, 31-01-2018]",79.0,CPCB,Diggian,30.6762491,76.7282489
678,NO3-N,mg/l,"[01-01-2018, 31-01-2018]",,CPCB,Diggian,30.6762491,76.7282489
679,NH3-N,mg/l,"[01-01-2018, 31-01-2018]",20.0,CPCB,Diggian,30.6762491,76.7282489
680,Phosphate,mg/l,"[01-01-2018, 31-01-2018]",,CPCB,Diggian,30.6762491,76.7282489
681,TSS,mg/l,"[01-01-2018, 31-01-2018]",84.0,CPCB,Diggian,30.6762491,76.7282489
682,TDS,mg/l,"[01-01-2018, 31-01-2018]",,CPCB,Diggian,30.6762491,76.7282489
683,FS,mg/l,"[01-01-2018, 31-01-2018]",,CPCB,Diggian,30.6762491,76.7282489
684,Turbidity,NTU,"[01-01-2018, 31-01-2018]",,CPCB,Diggian,30.6762491,76.7282489
685,TH as CaCO3,mg/l,"[01-01-2018, 31-01-2018]",,CPCB,Diggian,30.6762491,76.7282489
686,Ca as CaCO3,mg/l,"[01-01-2018, 31-01-2018]",,CPCB,Diggian,30.6762491,76.7282489
687,Mg as CaCO3,mg/l,"[01-01-2018, 31-01-2018]",,CPCB,Diggian,30.6762491,76.7282489
688,Sulphate,mg/l,"[01-01-2018, 31-01-2018]",,CPCB,Diggian,30.6762491,76.7282489
689,Chloride,mg/l,"[01-01-2018, 31-01-2018]",,CPCB,Diggian,30.6762491,76.7282489
690,Total alkalinity as CaCO3,mg/l,"[01-01-2018, 31-01-2018]",,CPCB,Diggian,30.6762491,76.7282489
691,P-Alkalinity,mg/l,"[01-01-2018, 31-01-2018]",,CPCB,Diggian,30.6762491,76.7282489
692,Fluoride,mg/l,"[01-01-2018, 31-01-2018]",,CPCB,Diggian,30.6762491,76.7282489
693,Colour,Hazen,"[01-01-2018, 31-01-2018]",,CPCB,Diggian,30.6762491,76.7282489
694,Boron(B),mg/l,"[01-01-2018, 31-01-2018]",,CPCB,Diggian,30.6762491,76.7282489
695,TKN,mg/l,"[01-01-2018, 31-01-2018]",,CPCB,Diggian,30.6762491,76.7282489
696,Potassium,mg/l,"[01-01-2018, 31-01-2018]",,CPCB,Diggian,30.6762491,76.7282489
697,Sodium,mg/l,"[01-01-2018, 31-01-2018]",,CPCB,Diggian,30.6762491,76.7282489
698,Total Coliform,MPN/100ml,"[01-01-2018, 31-01-2018]",9.3E+4,CPCB,Diggian,30.6762491,76.7282489
699,Faecal Coliform,MPN/100ml,"[01-01-2018, 31-01-2018]",6.1E+4,CPCB,Diggian,30.6762491,76.7282489
700,pH,-,"[01-02-2018, 28-02-2018]",7.0,CPCB,Diggian,30.6762491,76.7282489
701,Conductivity,µs/cm,"[01-02-2018, 28-02-2018]",,CPCB,Diggian,30.6762491,76.7282489
702,DO,mg/l,"[01-02-2018, 28-02-2018]",3.9,CPCB,Diggian,30.6762491,76.7282489
703,COD,mg/l,"[01-02-2018, 28-02-2018]",198.0,CPCB,Diggian,30.6762491,76.7282489
704,BOD,mg/l,"[01-02-2018, 28-02-2018]",96.0,CPCB,Diggian,30.6762491,76.7282489
705,NO3-N,mg/l,"[01-02-2018, 28-02-2018]",,CPCB,Diggian,30.6762491,76.7282489
706,NH3-N,mg/l,"[01-02-2018, 28-02-2018]",26.0,CPCB,Diggian,30.6762491,76.7282489
707,Phosphate,mg/l,"[01-02-2018, 28-02-2018]",,CPCB,Diggian,30.6762491,76.7282489
708,TSS,mg/l,"[01-02-2018, 28-02-2018]",72.0,CPCB,Diggian,30.6762491,76.7282489
709,TDS,mg/l,"[01-02-2018, 28-02-2018]",,CPCB,Diggian,30.6762491,76.7282489
710,FS,mg/l,"[01-02-2018, 28-02-2018]",,CPCB,Diggian,30.6762491,76.7282489
711,Turbidity,NTU,"[01-02-2018, 28-02-2018]",,CPCB,Diggian,30.6762491,76.7282489
712,TH as CaCO3,mg/l,"[01-02-2018, 28-02-2018]",,CPCB,Diggian,30.6762491,76.7282489
713,Ca as CaCO3,mg/l,"[01-02-2018, 28-02-2018]",,CPCB,Diggian,30.6762491,76.7282489
714,Mg as CaCO3,mg/l,"[01-02-2018, 28-02-2018]",,CPCB,Diggian,30.6762491,76.7282489
715,Sulphate,mg/l,"[01-02-2018, 28-02-2018]",,CPCB,Diggian,30.6762491,76.7282489
716,Chloride,mg/l,"[01-02-2018, 28-02-2018]",,CPCB,Diggian,30.6762491,76.7282489
717,Total alkalinity as CaCO3,mg/l,"[01-02-2018, 28-02-2018]",,CPCB,Diggian,30.6762491,76.7282489
718,P-Alkalinity,mg/l,"[01-02-2018, 28-02-2018]",,CPCB,Diggian,30.6762491,76.7282489
719,Fluoride,mg/l,"[01-02-2018, 28-02-2018]",,CPCB,Diggian,30.6762491,76.7282489
720,Colour,Hazen,"[01-02-2018, 28-02-2018]",,CPCB,Diggian,30.6762491,76.7282489
721,Boron(B),mg/l,"[01-02-2018, 28-02-2018]",,CPCB,Diggian,30.6762491,76.7282489
722,TKN,mg/l,"[01-02-2018, 28-02-2018]",,CPCB,Diggian,30.6762491,76.7282489
723,Potassium,mg/l,"[01-02-2018, 28-02-2018]",,CPCB,Diggian,30.6762491,76.7282489
724,Sodium,mg/l,"[01-02-2018, 28-02-2018]",,CPCB,Diggian,30.6762491,76.7282489
725,Total Coliform,MPN/100ml,"[01-02-2018, 28-02-2018]",930.0,CPCB,Diggian,30.6762491,76.7282489
726,Faecal Coliform,MPN/100ml,"[01-02-2018, 28-02-2018]",610.0,CPCB,Diggian,30.6762491,76.7282489
727,pH,-,"[01-03-2018, 31-03-2018]",7.2,CPCB,Diggian,30.6762491,76.7282489
728,Conductivity,µs/cm,"[01-03-2018, 31-03-2018]",,CPCB,Diggian,30.6762491,76.7282489
729,DO,mg/l,"[01-03-2018, 31-03-2018]",3.5,CPCB,Diggian,30.6762491,76.7282489
730,COD,mg/l,"[01-03-2018, 31-03-2018]",200.0,CPCB,Diggian,30.6762491,76.7282489
731,BOD,mg/l,"[01-03-2018, 31-03-2018]",47.0,CPCB,Diggian,30.6762491,76.7282489
732,NO3-N,mg/l,"[01-03-2018, 31-03-2018]",,CPCB,Diggian,30.6762491,76.7282489
733,NH3-N,mg/l,"[01-03-2018, 31-03-2018]",32.0,CPCB,Diggian,30.6762491,76.7282489
734,Phosphate,mg/l,"[01-03-2018, 31-03-2018]",,CPCB,Diggian,30.6762491,76.7282489
735,TSS,mg/l,"[01-03-2018, 31-03-2018]",73.0,CPCB,Diggian,30.6762491,76.7282489
736,TDS,mg/l,"[01-03-2018, 31-03-2018]",,CPCB,Diggian,30.6762491,76.7282489
737,FS,mg/l,"[01-03-2018, 31-03-2018]",,CPCB,Diggian,30.6762491,76.7282489
738,Turbidity,NTU,"[01-03-2018, 31-03-2018]",,CPCB,Diggian,30.6762491,76.7282489
739,TH as CaCO3,mg/l,"[01-03-2018, 31-03-2018]",,CPCB,Diggian,30.6762491,76.7282489
740,Ca as CaCO3,mg/l,"[01-03-2018, 31-03-2018]",,CPCB,Diggian,30.6762491,76.7282489
741,Mg as CaCO3,mg/l,"[01-03-2018, 31-03-2018]",,CPCB,Diggian,30.6762491,76.7282489
742,Sulphate,mg/l,"[01-03-2018, 31-03-2018]",,CPCB,Diggian,30.6762491,76.7282489
743,Chloride,mg/l,"[01-03-2018, 31-03-2018]",,CPCB,Diggian,30.6762491,76.7282489
744,Total alkalinity as CaCO3,mg/l,"[01-03-2018, 31-03-2018]",,CPCB,Diggian,30.6762491,76.7282489
745,P-Alkalinity,mg/l,"[01-03-2018, 31-03-2018]",,CPCB,Diggian,30.6762491,76.7282489
746,Fluoride,mg/l,"[01-03-2018, 31-03-2018]",,CPCB,Diggian,30.6762491,76.7282489
747,Colour,Hazen,"[01-03-2018, 31-03-2018]",,CPCB,Diggian,30.6762491,76.7282489
748,Boron(B),mg/l,"[01-03-2018, 31-03-2018]",,CPCB,Diggian,30.6762491,76.7282489
749,TKN,mg/l,"[01-03-2018, 31-03-2018]",,CPCB,Diggian,30.6762491,76.7282489
750,Potassium,mg/l,"[01-03-2018, 31-03-2018]",,CPCB,Diggian,30.6762491,76.7282489
751,Sodium,mg/l,"[01-03-2018, 31-03-2018]",,CPCB,Diggian,30.6762491,76.7282489
752,Total Coliform,MPN/100ml,"[01-03-2018, 31-03-2018]",1.4E+4,CPCB,Diggian,30.6762491,76.7282489
753,Faecal Coliform,MPN/100ml,"[01-03-2018, 31-03-2018]",1.1E+4,CPCB,Diggian,30.6762491,76.7282489
754,pH,-,"[01-04-2018, 30-04-2018]",7.1,CPCB,Diggian,30.6762491,76.7282489
755,Conductivity,µs/cm,"[01-04-2018, 30-04-2018]",,CPCB,Diggian,30.6762491,76.7282489
756,DO,mg/l,"[01-04-2018, 30-04-2018]",3.3,CPCB,Diggian,30.6762491,76.7282489
757,COD,mg/l,"[01-04-2018, 30-04-2018]",187.0,CPCB,Diggian,30.6762491,76.7282489
758,BOD,mg/l,"[01-04-2018, 30-04-2018]",63.0,CPCB,Diggian,30.6762491,76.7282489
759,NO3-N,mg/l,"[01-04-2018, 30-04-2018]",,CPCB,Diggian,30.6762491,76.7282489
760,NH3-N,mg/l,"[01-04-2018, 30-04-2018]",25.0,CPCB,Diggian,30.6762491,76.7282489
761,Phosphate,mg/l,"[01-04-2018, 30-04-2018]",,CPCB,Diggian,30.6762491,76.7282489
762,TSS,mg/l,"[01-04-2018, 30-04-2018]",85.0,CPCB,Diggian,30.6762491,76.7282489
763,TDS,mg/l,"[01-04-2018, 30-04-2018]",,CPCB,Diggian,30.6762491,76.7282489
764,FS,mg/l,"[01-04-2018, 30-04-2018]",,CPCB,Diggian,30.6762491,76.7282489
765,Turbidity,NTU,"[01-04-2018, 30-04-2018]",,CPCB,Diggian,30.6762491,76.7282489
766,TH as CaCO3,mg/l,"[01-04-2018, 30-04-2018]",,CPCB,Diggian,30.6762491,76.7282489
767,Ca as CaCO3,mg/l,"[01-04-2018, 30-04-2018]",,CPCB,Diggian,30.6762491,76.7282489
768,Mg as CaCO3,mg/l,"[01-04-2018, 30-04-2018]",,CPCB,Diggian,30.6762491,76.7282489
769,Sulphate,mg/l,"[01-04-2018, 30-04-2018]",,CPCB,Diggian,30.6762491,76.7282489
770,Chloride,mg/l,"[01-04-2018, 30-04-2018]",,CPCB,Diggian,30.6762491,76.7282489
771,Total alkalinity as CaCO3,mg/l,"[01-04-2018, 30-04-2018]",,CPCB,Diggian,30.6762491,76.7282489
772,P-Alkalinity,mg/l,"[01-04-2018, 30-04-2018]",,CPCB,Diggian,30.6762491,76.7282489
773,Fluoride,mg/l,"[01-04-2018, 30-04-2018]",,CPCB,Diggian,30.6762491,76.7282489
774,Colour,Hazen,"[01-04-2018, 30-04-2018]",,CPCB,Diggian,30.6762491,76.7282489
775,Boron(B),mg/l,"[01-04-2018, 30-04-2018]",,CPCB,Diggian,30.6762491,76.7282489
776,TKN,mg/l,"[01-04-2018, 30-04-2018]",,CPCB,Diggian,30.6762491,76.7282489
777,Potassium,mg/l,"[01-04-2018, 30-04-2018]",,CPCB,Diggian,30.6762491,76.7282489
778,Sodium,mg/l,"[01-04-2018, 30-04-2018]",,CPCB,Diggian,30.6762491,76.7282489
779,Total Coliform,MPN/100ml,"[01-04-2018, 30-04-2018]",9600.0,CPCB,Diggian,30.6762491,76.7282489
780,Faecal Coliform,MPN/100ml,"[01-04-2018, 30-04-2018]",5400.0,CPCB,Diggian,30.6762491,76.7282489
781,pH,-,"[01-05-2018, 31-05-2018]",7.0,CPCB,Diggian,30.6762491,76.7282489
782,Conductivity,µs/cm,"[01-05-2018, 31-05-2018]",,CPCB,Diggian,30.6762491,76.7282489
783,DO,mg/l,"[01-05-2018, 31-05-2018]",2.9,CPCB,Diggian,30.6762491,76.7282489
784,COD,mg/l,"[01-05-2018, 31-05-2018]",130.0,CPCB,Diggian,30.6762491,76.7282489
785,BOD,mg/l,"[01-05-2018, 31-05-2018]",58.0,CPCB,Diggian,30.6762491,76.7282489
786,NO3-N,mg/l,"[01-05-2018, 31-05-2018]",,CPCB,Diggian,30.6762491,76.7282489
787,NH3-N,mg/l,"[01-05-2018, 31-05-2018]",32.0,CPCB,Diggian,30.6762491,76.7282489
788,Phosphate,mg/l,"[01-05-2018, 31-05-2018]",,CPCB,Diggian,30.6762491,76.7282489
789,TSS,mg/l,"[01-05-2018, 31-05-2018]",65.0,CPCB,Diggian,30.6762491,76.7282489
790,TDS,mg/l,"[01-05-2018, 31-05-2018]",,CPCB,Diggian,30.6762491,76.7282489
791,FS,mg/l,"[01-05-2018, 31-05-2018]",,CPCB,Diggian,30.6762491,76.7282489
792,Turbidity,NTU,"[01-05-2018, 31-05-2018]",,CPCB,Diggian,30.6762491,76.7282489
793,TH as CaCO3,mg/l,"[01-05-2018, 31-05-2018]",,CPCB,Diggian,30.6762491,76.7282489
794,Ca as CaCO3,mg/l,"[01-05-2018, 31-05-2018]",,CPCB,Diggian,30.6762491,76.7282489
795,Mg as CaCO3,mg/l,"[01-05-2018, 31-05-2018]",,CPCB,Diggian,30.6762491,76.7282489
796,Sulphate,mg/l,"[01-05-2018, 31-05-2018]",,CPCB,Diggian,30.6762491,76.7282489
797,Chloride,mg/l,"[01-05-2018, 31-05-2018]",,CPCB,Diggian,30.6762491,76.7282489
798,Total alkalinity as CaCO3,mg/l,"[01-05-2018, 31-05-2018]",,CPCB,Diggian,30.6762491,76.7282489
799,P-Alkalinity,mg/l,"[01-05-2018, 31-05-2018]",,CPCB,Diggian,30.6762491,76.7282489
800,Fluoride,mg/l,"[01-05-2018, 31-05-2018]",,CPCB,Diggian,30.6762491,76.7282489
801,Colour,Hazen,"[01-05-2018, 31-05-2018]",,CPCB,Diggian,30.6762491,76.7282489
802,Boron(B),mg/l,"[01-05-2018, 31-05-2018]",,CPCB,Diggian,30.6762491,76.7282489
803,TKN,mg/l,"[01-05-2018, 31-05-2018]",,CPCB,Diggian,30.6762491,76.7282489
804,Potassium,mg/l,"[01-05-2018, 31-05-2018]",,CPCB,Diggian,30.6762491,76.7282489
805,Sodium,mg/l,"[01-05-2018, 31-05-2018]",,CPCB,Diggian,30.6762491,76.7282489
806,Total Coliform,MPN/100ml,"[01-05-2018, 31-05-2018]",1.7E+5,CPCB,Diggian,30.6762491,76.7282489
807,Faecal Coliform,MPN/100ml,"[01-05-2018, 31-05-2018]",6.1E+4,CPCB,Diggian,30.6762491,76.7282489
808,pH,-,"[01-06-2018, 30-06-2018]",6.9,CPCB,Diggian,30.6762491,76.7282489
809,Conductivity,µs/cm,"[01-06-2018, 30-06-2018]",,CPCB,Diggian,30.6762491,76.7282489
810,DO,mg/l,"[01-06-2018, 30-06-2018]",1.9,CPCB,Diggian,30.6762491,76.7282489
811,COD,mg/l,"[01-06-2018, 30-06-2018]",128.0,CPCB,Diggian,30.6762491,76.7282489
812,BOD,mg/l,"[01-06-2018, 30-06-2018]",49.0,CPCB,Diggian,30.6762491,76.7282489
813,NO3-N,mg/l,"[01-06-2018, 30-06-2018]",,CPCB,Diggian,30.6762491,76.7282489
814,NH3-N,mg/l,"[01-06-2018, 30-06-2018]",23.0,CPCB,Diggian,30.6762491,76.7282489
815,Phosphate,mg/l,"[01-06-2018, 30-06-2018]",,CPCB,Diggian,30.6762491,76.7282489
816,TSS,mg/l,"[01-06-2018, 30-06-2018]",56.0,CPCB,Diggian,30.6762491,76.7282489
817,TDS,mg/l,"[01-06-2018, 30-06-2018]",,CPCB,Diggian,30.6762491,76.7282489
818,FS,mg/l,"[01-06-2018, 30-06-2018]",,CPCB,Diggian,30.6762491,76.7282489
819,Turbidity,NTU,"[01-06-2018, 30-06-2018]",,CPCB,Diggian,30.6762491,76.7282489
820,TH as CaCO3,mg/l,"[01-06-2018, 30-06-2018]",,CPCB,Diggian,30.6762491,76.7282489
821,Ca as CaCO3,mg/l,"[01-06-2018, 30-06-2018]",,CPCB,Diggian,30.6762491,76.7282489
822,Mg as CaCO3,mg/l,"[01-06-2018, 30-06-2018]",,CPCB,Diggian,30.6762491,76.7282489
823,Sulphate,mg/l,"[01-06-2018, 30-06-2018]",,CPCB,Diggian,30.6762491,76.7282489
824,Chloride,mg/l,"[01-06-2018, 30-06-2018]",,CPCB,Diggian,30.6762491,76.7282489
825,Total alkalinity as CaCO3,mg/l,"[01-06-2018, 30-06-2018]",,CPCB,Diggian,30.6762491,76.7282489
826,P-Alkalinity,mg/l,"[01-06-2018, 30-06-2018]",,CPCB,Diggian,30.6762491,76.7282489
827,Fluoride,mg/l,"[01-06-2018, 30-06-2018]",,CPCB,Diggian,30.6762491,76.7282489
828,Colour,Hazen,"[01-06-2018, 30-06-2018]",,CPCB,Diggian,30.6762491,76.7282489
829,Boron(B),mg/l,"[01-06-2018, 30-06-2018]",,CPCB,Diggian,30.6762491,76.7282489
830,TKN,mg/l,"[01-06-2018, 30-06-2018]",,CPCB,Diggian,30.6762491,76.7282489
831,Potassium,mg/l,"[01-06-2018, 30-06-2018]",,CPCB,Diggian,30.6762491,76.7282489
832,Sodium,mg/l,"[01-06-2018, 30-06-2018]",,CPCB,Diggian,30.6762491,76.7282489
833,Total Coliform,MPN/100ml,"[01-06-2018, 30-06-2018]",2.7E+5,CPCB,Diggian,30.6762491,76.7282489
834,Faecal Coliform,MPN/100ml,"[01-06-2018, 30-06-2018]",6.9E+4,CPCB,Diggian,30.6762491,76.7282489
835,pH,-,"[01-07-2018, 31-07-2018]",6.9,CPCB,Diggian,30.6762491,76.7282489
836,Conductivity,µs/cm,"[01-07-2018, 31-07-2018]",,CPCB,Diggian,30.6762491,76.7282489
837,DO,mg/l,"[01-07-2018, 31-07-2018]",3.2,CPCB,Diggian,30.6762491,76.7282489
838,COD,mg/l,"[01-07-2018, 31-07-2018]",95.0,CPCB,Diggian,30.6762491,76.7282489
839,BOD,mg/l,"[01-07-2018, 31-07-2018]",41.0,CPCB,Diggian,30.6762491,76.7282489
840,NO3-N,mg/l,"[01-07-2018, 31-07-2018]",,CPCB,Diggian,30.6762491,76.7282489
841,NH3-N,mg/l,"[01-07-2018, 31-07-2018]",30.0,CPCB,Diggian,30.6762491,76.7282489
842,Phosphate,mg/l,"[01-07-2018, 31-07-2018]",,CPCB,Diggian,30.6762491,76.7282489
843,TSS,mg/l,"[01-07-2018, 31-07-2018]",43.0,CPCB,Diggian,30.6762491,76.7282489
844,TDS,mg/l,"[01-07-2018, 31-07-2018]",,CPCB,Diggian,30.6762491,76.7282489
845,FS,mg/l,"[01-07-2018, 31-07-2018]",,CPCB,Diggian,30.6762491,76.7282489
846,Turbidity,NTU,"[01-07-2018, 31-07-2018]",,CPCB,Diggian,30.6762491,76.7282489
847,TH as CaCO3,mg/l,"[01-07-2018, 31-07-2018]",,CPCB,Diggian,30.6762491,76.7282489
848,Ca as CaCO3,mg/l,"[01-07-2018, 31-07-2018]",,CPCB,Diggian,30.6762491,76.7282489
849,Mg as CaCO3,mg/l,"[01-07-2018, 31-07-2018]",,CPCB,Diggian,30.6762491,76.7282489
850,Sulphate,mg/l,"[01-07-2018, 31-07-2018]",,CPCB,Diggian,30.6762491,76.7282489
851,Chloride,mg/l,"[01-07-2018, 31-07-2018]",,CPCB,Diggian,30.6762491,76.7282489
852,Total alkalinity as CaCO3,mg/l,"[01-07-2018, 31-07-2018]",,CPCB,Diggian,30.6762491,76.7282489
853,P-Alkalinity,mg/l,"[01-07-2018, 31-07-2018]",,CPCB,Diggian,30.6762491,76.7282489
854,Fluoride,mg/l,"[01-07-2018, 31-07-2018]",,CPCB,Diggian,30.6762491,76.7282489
855,Colour,Hazen,"[01-07-2018, 31-07-2018]",,CPCB,Diggian,30.6762491,76.7282489
856,Boron(B),mg/l,"[01-07-2018, 31-07-2018]",,CPCB,Diggian,30.6762491,76.7282489
857,TKN,mg/l,"[01-07-2018, 31-07-2018]",,CPCB,Diggian,30.6762491,76.7282489
858,Potassium,mg/l,"[01-07-2018, 31-07-2018]",,CPCB,Diggian,30.6762491,76.7282489
859,Sodium,mg/l,"[01-07-2018, 31-07-2018]",,CPCB,Diggian,30.6762491,76.7282489
860,Total Coliform,MPN/100ml,"[01-07-2018, 31-07-2018]",1.7E+5,CPCB,Diggian,30.6762491,76.7282489
861,Faecal Coliform,MPN/100ml,"[01-07-2018, 31-07-2018]",1.4E+5,CPCB,Diggian,30.6762491,76.7282489
862,pH,-,"[01-08-2018, 31-08-2018]",7.1,CPCB,Diggian,30.6762491,76.7282489
863,Conductivity,µs/cm,"[01-08-2018, 31-08-2018]",,CPCB,Diggian,30.6762491,76.7282489
864,DO,mg/l,"[01-08-2018, 31-08-2018]",4.9,CPCB,Diggian,30.6762491,76.7282489
865,COD,mg/l,"[01-08-2018, 31-08-2018]",71.0,CPCB,Diggian,30.6762491,76.7282489
866,BOD,mg/l,"[01-08-2018, 31-08-2018]",21.0,CPCB,Diggian,30.6762491,76.7282489
867,NO3-N,mg/l,"[01-08-2018, 31-08-2018]",,CPCB,Diggian,30.6762491,76.7282489
868,NH3-N,mg/l,"[01-08-2018, 31-08-2018]",21.0,CPCB,Diggian,30.6762491,76.7282489
869,Phosphate,mg/l,"[01-08-2018, 31-08-2018]",,CPCB,Diggian,30.6762491,76.7282489
870,TSS,mg/l,"[01-08-2018, 31-08-2018]",19.0,CPCB,Diggian,30.6762491,76.7282489
871,TDS,mg/l,"[01-08-2018, 31-08-2018]",,CPCB,Diggian,30.6762491,76.7282489
872,FS,mg/l,"[01-08-2018, 31-08-2018]",,CPCB,Diggian,30.6762491,76.7282489
873,Turbidity,NTU,"[01-08-2018, 31-08-2018]",,CPCB,Diggian,30.6762491,76.7282489
874,TH as CaCO3,mg/l,"[01-08-2018, 31-08-2018]",,CPCB,Diggian,30.6762491,76.7282489
875,Ca as CaCO3,mg/l,"[01-08-2018, 31-08-2018]",,CPCB,Diggian,30.6762491,76.7282489
876,Mg as CaCO3,mg/l,"[01-08-2018, 31-08-2018]",,CPCB,Diggian,30.6762491,76.7282489
877,Sulphate,mg/l,"[01-08-2018, 31-08-2018]",,CPCB,Diggian,30.6762491,76.7282489
878,Chloride,mg/l,"[01-08-2018, 31-08-2018]",,CPCB,Diggian,30.6762491,76.7282489
879,Total alkalinity as CaCO3,mg/l,"[01-08-2018, 31-08-2018]",,CPCB,Diggian,30.6762491,76.7282489
880,P-Alkalinity,mg/l,"[01-08-2018, 31-08-2018]",,CPCB,Diggian,30.6762491,76.7282489
881,Fluoride,mg/l,"[01-08-2018, 31-08-2018]",,CPCB,Diggian,30.6762491,76.7282489
882,Colour,Hazen,"[01-08-2018, 31-08-2018]",,CPCB,Diggian,30.6762491,76.7282489
883,Boron(B),mg/l,"[01-08-2018, 31-08-2018]",,CPCB,Diggian,30.6762491,76.7282489
884,TKN,mg/l,"[01-08-2018, 31-08-2018]",,CPCB,Diggian,30.6762491,76.7282489
885,Potassium,mg/l,"[01-08-2018, 31-08-2018]",,CPCB,Diggian,30.6762491,76.7282489
886,Sodium,mg/l,"[01-08-2018, 31-08-2018]",,CPCB,Diggian,30.6762491,76.7282489
887,Total Coliform,MPN/100ml,"[01-08-2018, 31-08-2018]",7.6E+4,CPCB,Diggian,30.6762491,76.7282489
888,Faecal Coliform,MPN/100ml,"[01-08-2018, 31-08-2018]",5.4E+4,CPCB,Diggian,30.6762491,76.7282489
889,pH,-,"[01-09-2018, 30-09-2018]",7.3,CPCB,Diggian,30.6762491,76.7282489
890,Conductivity,µs/cm,"[01-09-2018, 30-09-2018]",,CPCB,Diggian,30.6762491,76.7282489
891,DO,mg/l,"[01-09-2018, 30-09-2018]",4.5,CPCB,Diggian,30.6762491,76.7282489
892,COD,mg/l,"[01-09-2018, 30-09-2018]",61.0,CPCB,Diggian,30.6762491,76.7282489
893,BOD,mg/l,"[01-09-2018, 30-09-2018]",28.0,CPCB,Diggian,30.6762491,76.7282489
894,NO3-N,mg/l,"[01-09-2018, 30-09-2018]",,CPCB,Diggian,30.6762491,76.7282489
895,NH3-N,mg/l,"[01-09-2018, 30-09-2018]",28.0,CPCB,Diggian,30.6762491,76.7282489
896,Phosphate,mg/l,"[01-09-2018, 30-09-2018]",,CPCB,Diggian,30.6762491,76.7282489
897,TSS,mg/l,"[01-09-2018, 30-09-2018]",46.0,CPCB,Diggian,30.6762491,76.7282489
898,TDS,mg/l,"[01-09-2018, 30-09-2018]",,CPCB,Diggian,30.6762491,76.7282489
899,FS,mg/l,"[01-09-2018, 30-09-2018]",,CPCB,Diggian,30.6762491,76.7282489
900,Turbidity,NTU,"[01-09-2018, 30-09-2018]",,CPCB,Diggian,30.6762491,76.7282489
901,TH as CaCO3,mg/l,"[01-09-2018, 30-09-2018]",,CPCB,Diggian,30.6762491,76.7282489
902,Ca as CaCO3,mg/l,"[01-09-2018, 30-09-2018]",,CPCB,Diggian,30.6762491,76.7282489
903,Mg as CaCO3,mg/l,"[01-09-2018, 30-09-2018]",,CPCB,Diggian,30.6762491,76.7282489
904,Sulphate,mg/l,"[01-09-2018, 30-09-2018]",,CPCB,Diggian,30.6762491,76.7282489
905,Chloride,mg/l,"[01-09-2018, 30-09-2018]",,CPCB,Diggian,30.6762491,76.7282489
906,Total alkalinity as CaCO3,mg/l,"[01-09-2018, 30-09-2018]",,CPCB,Diggian,30.6762491,76.7282489
907,P-Alkalinity,mg/l,"[01-09-2018, 30-09-2018]",,CPCB,Diggian,30.6762491,76.7282489
908,Fluoride,mg/l,"[01-09-2018, 30-09-2018]",,CPCB,Diggian,30.6762491,76.7282489
909,Colour,Hazen,"[01-09-2018, 30-09-2018]",,CPCB,Diggian,30.6762491,76.7282489
910,Boron(B),mg/l,"[01-09-2018, 30-09-2018]",,CPCB,Diggian,30.6762491,76.7282489
911,TKN,mg/l,"[01-09-2018, 30-09-2018]",,CPCB,Diggian,30.6762491,76.7282489
912,Potassium,mg/l,"[01-09-2018, 30-09-2018]",,CPCB,Diggian,30.6762491,76.7282489
913,Sodium,mg/l,"[01-09-2018, 30-09-2018]",,CPCB,Diggian,30.6762491,76.7282489
914,Total Coliform,MPN/100ml,"[01-09-2018, 30-09-2018]",9.3E+5,CPCB,Diggian,30.6762491,76.7282489
915,Faecal Coliform,MPN/100ml,"[01-09-2018, 30-09-2018]",6.9E+5,CPCB,Diggian,30.6762491,76.7282489
916,pH,-,"[01-10-2018, 31-10-2018]",7.4,CPCB,Diggian,30.6762491,76.7282489
917,Conductivity,µs/cm,"[01-10-2018, 31-10-2018]",,CPCB,Diggian,30.6762491,76.7282489
918,DO,mg/l,"[01-10-2018, 31-10-2018]",4.2,CPCB,Diggian,30.6762491,76.7282489
919,COD,mg/l,"[01-10-2018, 31-10-2018]",56.0,CPCB,Diggian,30.6762491,76.7282489
920,BOD,mg/l,"[01-10-2018, 31-10-2018]",28.0,CPCB,Diggian,30.6762491,76.7282489
921,NO3-N,mg/l,"[01-10-2018, 31-10-2018]",,CPCB,Diggian,30.6762491,76.7282489
922,NH3-N,mg/l,"[01-10-2018, 31-10-2018]",37.0,CPCB,Diggian,30.6762491,76.7282489
923,Phosphate,mg/l,"[01-10-2018, 31-10-2018]",,CPCB,Diggian,30.6762491,76.7282489
924,TSS,mg/l,"[01-10-2018, 31-10-2018]",30.0,CPCB,Diggian,30.6762491,76.7282489
925,TDS,mg/l,"[01-10-2018, 31-10-2018]",,CPCB,Diggian,30.6762491,76.7282489
926,FS,mg/l,"[01-10-2018, 31-10-2018]",,CPCB,Diggian,30.6762491,76.7282489
927,Turbidity,NTU,"[01-10-2018, 31-10-2018]",,CPCB,Diggian,30.6762491,76.7282489
928,TH as CaCO3,mg/l,"[01-10-2018, 31-10-2018]",,CPCB,Diggian,30.6762491,76.7282489
929,Ca as CaCO3,mg/l,"[01-10-2018, 31-10-2018]",,CPCB,Diggian,30.6762491,76.7282489
930,Mg as CaCO3,mg/l,"[01-10-2018, 31-10-2018]",,CPCB,Diggian,30.6762491,76.7282489
931,Sulphate,mg/l,"[01-10-2018, 31-10-2018]",,CPCB,Diggian,30.6762491,76.7282489
932,Chloride,mg/l,"[01-10-2018, 31-10-2018]",,CPCB,Diggian,30.6762491,76.7282489
933,Total alkalinity as CaCO3,mg/l,"[01-10-2018, 31-10-2018]",,CPCB,Diggian,30.6762491,76.7282489
934,P-Alkalinity,mg/l,"[01-10-2018, 31-10-2018]",,CPCB,Diggian,30.6762491,76.7282489
935,Fluoride,mg/l,"[01-10-2018, 31-10-2018]",,CPCB,Diggian,30.6762491,76.7282489
936,Colour,Hazen,"[01-10-2018, 31-10-2018]",,CPCB,Diggian,30.6762491,76.7282489
937,Boron(B),mg/l,"[01-10-2018, 31-10-2018]",,CPCB,Diggian,30.6762491,76.7282489
938,TKN,mg/l,"[01-10-2018, 31-10-2018]",,CPCB,Diggian,30.6762491,76.7282489
939,Potassium,mg/l,"[01-10-2018, 31-10-2018]",,CPCB,Diggian,30.6762491,76.7282489
940,Sodium,mg/l,"[01-10-2018, 31-10-2018]",,CPCB,Diggian,30.6762491,76.7282489
941,Total Coliform,MPN/100ml,"[01-10-2018, 31-10-2018]",8E+6,CPCB,Diggian,30.6762491,76.7282489
942,Faecal Coliform,MPN/100ml,"[01-10-2018, 31-10-2018]",4.5E+6,CPCB,Diggian,30.6762491,76.7282489
943,pH,-,"[01-11-2018, 30-11-2018]",7.2,CPCB,Diggian,30.6762491,76.7282489
944,Conductivity,µs/cm,"[01-11-2018, 30-11-2018]",,CPCB,Diggian,30.6762491,76.7282489
945,DO,mg/l,"[01-11-2018, 30-11-2018]",2.6,CPCB,Diggian,30.6762491,76.7282489
946,COD,mg/l,"[01-11-2018, 30-11-2018]",126.0,CPCB,Diggian,30.6762491,76.7282489
947,BOD,mg/l,"[01-11-2018, 30-11-2018]",51.0,CPCB,Diggian,30.6762491,76.7282489
948,NO3-N,mg/l,"[01-11-2018, 30-11-2018]",,CPCB,Diggian,30.6762491,76.7282489
949,NH3-N,mg/l,"[01-11-2018, 30-11-2018]",41.0,CPCB,Diggian,30.6762491,76.7282489
950,Phosphate,mg/l,"[01-11-2018, 30-11-2018]",,CPCB,Diggian,30.6762491,76.7282489
951,TSS,mg/l,"[01-11-2018, 30-11-2018]",45.0,CPCB,Diggian,30.6762491,76.7282489
952,TDS,mg/l,"[01-11-2018, 30-11-2018]",,CPCB,Diggian,30.6762491,76.7282489
953,FS,mg/l,"[01-11-2018, 30-11-2018]",,CPCB,Diggian,30.6762491,76.7282489
954,Turbidity,NTU,"[01-11-2018, 30-11-2018]",,CPCB,Diggian,30.6762491,76.7282489
955,TH as CaCO3,mg/l,"[01-11-2018, 30-11-2018]",,CPCB,Diggian,30.6762491,76.7282489
956,Ca as CaCO3,mg/l,"[01-11-2018, 30-11-2018]",,CPCB,Diggian,30.6762491,76.7282489
957,Mg as CaCO3,mg/l,"[01-11-2018, 30-11-2018]",,CPCB,Diggian,30.6762491,76.7282489
958,Sulphate,mg/l,"[01-11-2018, 30-11-2018]",,CPCB,Diggian,30.6762491,76.7282489
959,Chloride,mg/l,"[01-11-2018, 30-11-2018]",,CPCB,Diggian,30.6762491,76.7282489
960,Total alkalinity as CaCO3,mg/l,"[01-11-2018, 30-11-2018]",,CPCB,Diggian,30.6762491,76.7282489
961,P-Alkalinity,mg/l,"[01-11-2018, 30-11-2018]",,CPCB,Diggian,30.6762491,76.7282489
962,Fluoride,mg/l,"[01-11-2018, 30-11-2018]",,CPCB,Diggian,30.6762491,76.7282489
963,Colour,Hazen,"[01-11-2018, 30-11-2018]",,CPCB,Diggian,30.6762491,76.7282489
964,Boron(B),mg/l,"[01-11-2018, 30-11-2018]",,CPCB,Diggian,30.6762491,76.7282489
965,TKN,mg/l,"[01-11-2018, 30-11-2018]",,CPCB,Diggian,30.6762491,76.7282489
966,Potassium,mg/l,"[01-11-2018, 30-11-2018]",,CPCB,Diggian,30.6762491,76.7282489
967,Sodium,mg/l,"[01-11-2018, 30-11-2018]",,CPCB,Diggian,30.6762491,76.7282489
968,Total Coliform,MPN/100ml,"[01-11-2018, 30-11-2018]",1.8E+6,CPCB,Diggian,30.6762491,76.7282489
969,Faecal Coliform,MPN/100ml,"[01-11-2018, 30-11-2018]",1.4E+5,CPCB,Diggian,30.6762491,76.7282489
970,pH,-,"[01-12-2018, 31-12-2018]",7.1,CPCB,Diggian,30.6762491,76.7282489
971,Conductivity,µs/cm,"[01-12-2018, 31-12-2018]",,CPCB,Diggian,30.6762491,76.7282489
972,DO,mg/l,"[01-12-2018, 31-12-2018]",1.2,CPCB,Diggian,30.6762491,76.7282489
973,COD,mg/l,"[01-12-2018, 31-12-2018]",135.0,CPCB,Diggian,30.6762491,76.7282489
974,BOD,mg/l,"[01-12-2018, 31-12-2018]",58.0,CPCB,Diggian,30.6762491,76.7282489
975,NO3-N,mg/l,"[01-12-2018, 31-12-2018]",,CPCB,Diggian,30.6762491,76.7282489
976,NH3-N,mg/l,"[01-12-2018, 31-12-2018]",34.0,CPCB,Diggian,30.6762491,76.7282489
977,Phosphate,mg/l,"[01-12-2018, 31-12-2018]",,CPCB,Diggian,30.6762491,76.7282489
978,TSS,mg/l,"[01-12-2018, 31-12-2018]",39.0,CPCB,Diggian,30.6762491,76.7282489
979,TDS,mg/l,"[01-12-2018, 31-12-2018]",,CPCB,Diggian,30.6762491,76.7282489
980,FS,mg/l,"[01-12-2018, 31-12-2018]",,CPCB,Diggian,30.6762491,76.7282489
981,Turbidity,NTU,"[01-12-2018, 31-12-2018]",,CPCB,Diggian,30.6762491,76.7282489
982,TH as CaCO3,mg/l,"[01-12-2018, 31-12-2018]",,CPCB,Diggian,30.6762491,76.7282489
983,Ca as CaCO3,mg/l,"[01-12-2018, 31-12-2018]",,CPCB,Diggian,30.6762491,76.7282489
984,Mg as CaCO3,mg/l,"[01-12-2018, 31-12-2018]",,CPCB,Diggian,30.6762491,76.7282489
985,Sulphate,mg/l,"[01-12-2018, 31-12-2018]",,CPCB,Diggian,30.6762491,76.7282489
986,Chloride,mg/l,"[01-12-2018, 31-12-2018]",,CPCB,Diggian,30.6762491,76.7282489
987,Total alkalinity as CaCO3,mg/l,"[01-12-2018, 31-12-2018]",,CPCB,Diggian,30.6762491,76.7282489
988,P-Alkalinity,mg/l,"[01-12-2018, 31-12-2018]",,CPCB,Diggian,30.6762491,76.7282489
989,Fluoride,mg/l,"[01-12-2018, 31-12-2018]",,CPCB,Diggian,30.6762491,76.7282489
990,Colour,Hazen,"[01-12-2018, 31-12-2018]",,CPCB,Diggian,30.6762491,76.7282489
991,Boron(B),mg/l,"[01-12-2018, 31-12-2018]",,CPCB,Diggian,30.6762491,76.7282489
992,TKN,mg/l,"[01-12-2018, 31-12-2018]",,CPCB,Diggian,30.6762491,76.7282489
993,Potassium,mg/l,"[01-12-2018, 31-12-2018]",,CPCB,Diggian,30.6762491,76.7282489
994,Sodium,mg/l,"[01-12-2018, 31-12-2018]",,CPCB,Diggian,30.6762491,76.7282489
995,Total Coliform,MPN/100ml,"[01-12-2018, 31-12-2018]",2.7E+6,CPCB,Diggian,30.6762491,76.7282489
996,Faecal Coliform,MPN/100ml,"[01-12-2018, 31-12-2018]",1.4E+5,CPCB,Diggian,30.6762491,76.7282489
997,BOD,mg/l,"[01-04-2020, 30-04-2020]",55.0,CPCB,Diggian,30.6762491,76.7282489
998,TSS,mg/l,"[01-04-2020, 30-04-2020]",28.0,CPCB,Diggian,30.6762491,76.7282489
999,Faecal Coliform,MPN/100ml,"[01-04-2020, 30-04-2020]",0.0,CPCB,Diggian,30.6762491,76.7282489
1000,BOD,mg/l,"[01-05-2020, 31-05-2020]",14.0,CPCB,Diggian,30.6762491,76.7282489
1001,TSS,mg/l,"[01-05-2020, 31-05-2020]",6.0,CPCB,Diggian,30.6762491,76.7282489
1002,Faecal Coliform,MPN/100ml,"[01-05-2020, 31-05-2020]",3.3E+5,CPCB,Diggian,30.6762491,76.7282489
1003,BOD,mg/l,"[01-06-2020, 30-06-2020]",12.0,CPCB,Diggian,30.6762491,76.7282489
1004,TSS,mg/l,"[01-06-2020, 30-06-2020]",14.0,CPCB,Diggian,30.6762491,76.7282489
1005,Faecal Coliform,MPN/100ml,"[01-06-2020, 30-06-2020]",0.0,CPCB,Diggian,30.6762491,76.7282489
1006,pH,-,"[01-01-2018, 31-01-2018]",6.6,CPCB 2018,NCC02 - Exit of Chandigarh Sector 53,30.721836,76.731728
1007,Conductivity,µs/cm,"[01-01-2018, 31-01-2018]",644.0,CPCB 2018,NCC02 - Exit of Chandigarh Sector 53,30.721836,76.731728
1008,DO,mg/l,"[01-01-2018, 31-01-2018]",0.0,CPCB 2018,NCC02 - Exit of Chandigarh Sector 53,30.721836,76.731728
1009,COD,mg/l,"[01-01-2018, 31-01-2018]",261.0,CPCB 2018,NCC02 - Exit of Chandigarh Sector 53,30.721836,76.731728
1010,BOD,mg/l,"[01-01-2018, 31-01-2018]",161.0,CPCB 2018,NCC02 - Exit of Chandigarh Sector 53,30.721836,76.731728
1011,NO3-N,mg/l,"[01-01-2018, 31-01-2018]",5.9,CPCB 2018,NCC02 - Exit of Chandigarh Sector 53,30.721836,76.731728
1012,NH3-N,mg/l,"[01-01-2018, 31-01-2018]",23.0,CPCB 2018,NCC02 - Exit of Chandigarh Sector 53,30.721836,76.731728
1013,Phosphate,mg/l,"[01-01-2018, 31-01-2018]",2.55,CPCB 2018,NCC02 - Exit of Chandigarh Sector 53,30.721836,76.731728
1014,TSS,mg/l,"[01-01-2018, 31-01-2018]",100.0,CPCB 2018,NCC02 - Exit of Chandigarh Sector 53,30.721836,76.731728
1015,TDS,mg/l,"[01-01-2018, 31-01-2018]",326.0,CPCB 2018,NCC02 - Exit of Chandigarh Sector 53,30.721836,76.731728
1016,FS,mg/l,"[01-01-2018, 31-01-2018]",267.0,CPCB 2018,NCC02 - Exit of Chandigarh Sector 53,30.721836,76.731728
1017,Turbidity,NTU,"[01-01-2018, 31-01-2018]",110.0,CPCB 2018,NCC02 - Exit of Chandigarh Sector 53,30.721836,76.731728
1018,TH as CaCO3,mg/l,"[01-01-2018, 31-01-2018]",190.0,CPCB 2018,NCC02 - Exit of Chandigarh Sector 53,30.721836,76.731728
1019,Ca as CaCO3,mg/l,"[01-01-2018, 31-01-2018]",118.0,CPCB 2018,NCC02 - Exit of Chandigarh Sector 53,30.721836,76.731728
1020,Mg as CaCO3,mg/l,"[01-01-2018, 31-01-2018]",72.0,CPCB 2018,NCC02 - Exit of Chandigarh Sector 53,30.721836,76.731728
1021,Sulphate,mg/l,"[01-01-2018, 31-01-2018]",66.0,CPCB 2018,NCC02 - Exit of Chandigarh Sector 53,30.721836,76.731728
1022,Chloride,mg/l,"[01-01-2018, 31-01-2018]",42.0,CPCB 2018,NCC02 - Exit of Chandigarh Sector 53,30.721836,76.731728
1023,Total alkalinity as CaCO3,mg/l,"[01-01-2018, 31-01-2018]",260.0,CPCB 2018,NCC02 - Exit of Chandigarh Sector 53,30.721836,76.731728
1024,P-Alkalinity,mg/l,"[01-01-2018, 31-01-2018]",0.0,CPCB 2018,NCC02 - Exit of Chandigarh Sector 53,30.721836,76.731728
1025,Fluoride,mg/l,"[01-01-2018, 31-01-2018]",0.28,CPCB 2018,NCC02 - Exit of Chandigarh Sector 53,30.721836,76.731728
1026,Colour,Hazen,"[01-01-2018, 31-01-2018]",30.0,CPCB 2018,NCC02 - Exit of Chandigarh Sector 53,30.721836,76.731728
1027,Boron(B),mg/l,"[01-01-2018, 31-01-2018]",0.19,CPCB 2018,NCC02 - Exit of Chandigarh Sector 53,30.721836,76.731728
1028,TKN,mg/l,"[01-01-2018, 31-01-2018]",4.2,CPCB 2018,NCC02 - Exit of Chandigarh Sector 53,30.721836,76.731728
1029,Potassium,mg/l,"[01-01-2018, 31-01-2018]",7.0,CPCB 2018,NCC02 - Exit of Chandigarh Sector 53,30.721836,76.731728
1030,Sodium,mg/l,"[01-01-2018, 31-01-2018]",23.0,CPCB 2018,NCC02 - Exit of Chandigarh Sector 53,30.721836,76.731728
1031,Total Coliform,MPN/100ml,"[01-01-2018, 31-01-2018]",2.2E+4,CPCB 2018,NCC02 - Exit of Chandigarh Sector 53,30.721836,76.731728
1032,Faecal Coliform,MPN/100ml,"[01-01-2018, 31-01-2018]",1.8E+4,CPCB 2018,NCC02 - Exit of Chandigarh Sector 53,30.721836,76.731728
1033,pH,-,"[01-02-2018, 28-02-2018]",6.9,CPCB 2018,NCC02 - Exit of Chandigarh Sector 53,30.721836,76.731728
1034,Conductivity,µs/cm,"[01-02-2018, 28-02-2018]",551.0,CPCB 2018,NCC02 - Exit of Chandigarh Sector 53,30.721836,76.731728
1035,DO,mg/l,"[01-02-2018, 28-02-2018]",0.6,CPCB 2018,NCC02 - Exit of Chandigarh Sector 53,30.721836,76.731728
1036,COD,mg/l,"[01-02-2018, 28-02-2018]",261.0,CPCB 2018,NCC02 - Exit of Chandigarh Sector 53,30.721836,76.731728
1037,BOD,mg/l,"[01-02-2018, 28-02-2018]",117.0,CPCB 2018,NCC02 - Exit of Chandigarh Sector 53,30.721836,76.731728
1038,NO3-N,mg/l,"[01-02-2018, 28-02-2018]",0.0,CPCB 2018,NCC02 - Exit of Chandigarh Sector 53,30.721836,76.731728
1039,NH3-N,mg/l,"[01-02-2018, 28-02-2018]",17.0,CPCB 2018,NCC02 - Exit of Chandigarh Sector 53,30.721836,76.731728
1040,Phosphate,mg/l,"[01-02-2018, 28-02-2018]",2.05,CPCB 2018,NCC02 - Exit of Chandigarh Sector 53,30.721836,76.731728
1041,TSS,mg/l,"[01-02-2018, 28-02-2018]",149.0,CPCB 2018,NCC02 - Exit of Chandigarh Sector 53,30.721836,76.731728
1042,TDS,mg/l,"[01-02-2018, 28-02-2018]",259.0,CPCB 2018,NCC02 - Exit of Chandigarh Sector 53,30.721836,76.731728
1043,FS,mg/l,"[01-02-2018, 28-02-2018]",269.0,CPCB 2018,NCC02 - Exit of Chandigarh Sector 53,30.721836,76.731728
1044,Turbidity,NTU,"[01-02-2018, 28-02-2018]",160.0,CPCB 2018,NCC02 - Exit of Chandigarh Sector 53,30.721836,76.731728
1045,TH as CaCO3,mg/l,"[01-02-2018, 28-02-2018]",206.0,CPCB 2018,NCC02 - Exit of Chandigarh Sector 53,30.721836,76.731728
1046,Ca as CaCO3,mg/l,"[01-02-2018, 28-02-2018]",100.0,CPCB 2018,NCC02 - Exit of Chandigarh Sector 53,30.721836,76.731728
1047,Mg as CaCO3,mg/l,"[01-02-2018, 28-02-2018]",106.0,CPCB 2018,NCC02 - Exit of Chandigarh Sector 53,30.721836,76.731728
1048,Sulphate,mg/l,"[01-02-2018, 28-02-2018]",72.0,CPCB 2018,NCC02 - Exit of Chandigarh Sector 53,30.721836,76.731728
1049,Chloride,mg/l,"[01-02-2018, 28-02-2018]",45.0,CPCB 2018,NCC02 - Exit of Chandigarh Sector 53,30.721836,76.731728
1050,Total alkalinity as CaCO3,mg/l,"[01-02-2018, 28-02-2018]",208.0,CPCB 2018,NCC02 - Exit of Chandigarh Sector 53,30.721836,76.731728
1051,P-Alkalinity,mg/l,"[01-02-2018, 28-02-2018]",0.0,CPCB 2018,NCC02 - Exit of Chandigarh Sector 53,30.721836,76.731728
1052,Fluoride,mg/l,"[01-02-2018, 28-02-2018]",0.0,CPCB 2018,NCC02 - Exit of Chandigarh Sector 53,30.721836,76.731728
1053,Colour,Hazen,"[01-02-2018, 28-02-2018]",20.0,CPCB 2018,NCC02 - Exit of Chandigarh Sector 53,30.721836,76.731728
1054,Boron(B),mg/l,"[01-02-2018, 28-02-2018]",0.21,CPCB 2018,NCC02 - Exit of Chandigarh Sector 53,30.721836,76.731728
1055,TKN,mg/l,"[01-02-2018, 28-02-2018]",4.7,CPCB 2018,NCC02 - Exit of Chandigarh Sector 53,30.721836,76.731728
1056,Potassium,mg/l,"[01-02-2018, 28-02-2018]",9.0,CPCB 2018,NCC02 - Exit of Chandigarh Sector 53,30.721836,76.731728
1057,Sodium,mg/l,"[01-02-2018, 28-02-2018]",27.0,CPCB 2018,NCC02 - Exit of Chandigarh Sector 53,30.721836,76.731728
1058,Total Coliform,MPN/100ml,"[01-02-2018, 28-02-2018]",3.2E+4,CPCB 2018,NCC02 - Exit of Chandigarh Sector 53,30.721836,76.731728
1059,Faecal Coliform,MPN/100ml,"[01-02-2018, 28-02-2018]",2E+4,CPCB 2018,NCC02 - Exit of Chandigarh Sector 53,30.721836,76.731728
1060,pH,-,"[01-03-2018, 31-03-2018]",7.1,CPCB 2018,NCC02 - Exit of Chandigarh Sector 53,30.721836,76.731728
1061,Conductivity,µs/cm,"[01-03-2018, 31-03-2018]",668.0,CPCB 2018,NCC02 - Exit of Chandigarh Sector 53,30.721836,76.731728
1062,DO,mg/l,"[01-03-2018, 31-03-2018]",1.0,CPCB 2018,NCC02 - Exit of Chandigarh Sector 53,30.721836,76.731728
1063,COD,mg/l,"[01-03-2018, 31-03-2018]",214.0,CPCB 2018,NCC02 - Exit of Chandigarh Sector 53,30.721836,76.731728
1064,BOD,mg/l,"[01-03-2018, 31-03-2018]",98.0,CPCB 2018,NCC02 - Exit of Chandigarh Sector 53,30.721836,76.731728
1065,NO3-N,mg/l,"[01-03-2018, 31-03-2018]",2.4,CPCB 2018,NCC02 - Exit of Chandigarh Sector 53,30.721836,76.731728
1066,NH3-N,mg/l,"[01-03-2018, 31-03-2018]",20.0,CPCB 2018,NCC02 - Exit of Chandigarh Sector 53,30.721836,76.731728
1067,Phosphate,mg/l,"[01-03-2018, 31-03-2018]",2.05,CPCB 2018,NCC02 - Exit of Chandigarh Sector 53,30.721836,76.731728
1068,TSS,mg/l,"[01-03-2018, 31-03-2018]",82.0,CPCB 2018,NCC02 - Exit of Chandigarh Sector 53,30.721836,76.731728
1069,TDS,mg/l,"[01-03-2018, 31-03-2018]",350.0,CPCB 2018,NCC02 - Exit of Chandigarh Sector 53,30.721836,76.731728
1070,FS,mg/l,"[01-03-2018, 31-03-2018]",236.0,CPCB 2018,NCC02 - Exit of Chandigarh Sector 53,30.721836,76.731728
1071,Turbidity,NTU,"[01-03-2018, 31-03-2018]",118.0,CPCB 2018,NCC02 - Exit of Chandigarh Sector 53,30.721836,76.731728
1072,TH as CaCO3,mg/l,"[01-03-2018, 31-03-2018]",230.0,CPCB 2018,NCC02 - Exit of Chandigarh Sector 53,30.721836,76.731728
1073,Ca as CaCO3,mg/l,"[01-03-2018, 31-03-2018]",120.0,CPCB 2018,NCC02 - Exit of Chandigarh Sector 53,30.721836,76.731728
1074,Mg as CaCO3,mg/l,"[01-03-2018, 31-03-2018]",110.0,CPCB 2018,NCC02 - Exit of Chandigarh Sector 53,30.721836,76.731728
1075,Sulphate,mg/l,"[01-03-2018, 31-03-2018]",49.0,CPCB 2018,NCC02 - Exit of Chandigarh Sector 53,30.721836,76.731728
1076,Chloride,mg/l,"[01-03-2018, 31-03-2018]",50.0,CPCB 2018,NCC02 - Exit of Chandigarh Sector 53,30.721836,76.731728
1077,Total alkalinity as CaCO3,mg/l,"[01-03-2018, 31-03-2018]",252.0,CPCB 2018,NCC02 - Exit of Chandigarh Sector 53,30.721836,76.731728
1078,P-Alkalinity,mg/l,"[01-03-2018, 31-03-2018]",0.0,CPCB 2018,NCC02 - Exit of Chandigarh Sector 53,30.721836,76.731728
1079,Fluoride,mg/l,"[01-03-2018, 31-03-2018]",0.0,CPCB 2018,NCC02 - Exit of Chandigarh Sector 53,30.721836,76.731728
1080,Colour,Hazen,"[01-03-2018, 31-03-2018]",20.0,CPCB 2018,NCC02 - Exit of Chandigarh Sector 53,30.721836,76.731728
1081,Boron(B),mg/l,"[01-03-2018, 31-03-2018]",0.15,CPCB 2018,NCC02 - Exit of Chandigarh Sector 53,30.721836,76.731728
1082,TKN,mg/l,"[01-03-2018, 31-03-2018]",4.2,CPCB 2018,NCC02 - Exit of Chandigarh Sector 53,30.721836,76.731728
1083,Potassium,mg/l,"[01-03-2018, 31-03-2018]",11.0,CPCB 2018,NCC02 - Exit of Chandigarh Sector 53,30.721836,76.731728
1084,Sodium,mg/l,"[01-03-2018, 31-03-2018]",37.0,CPCB 2018,NCC02 - Exit of Chandigarh Sector 53,30.721836,76.731728
1085,Total Coliform,MPN/100ml,"[01-03-2018, 31-03-2018]",1.4E+6,CPCB 2018,NCC02 - Exit of Chandigarh Sector 53,30.721836,76.731728
1086,Faecal Coliform,MPN/100ml,"[01-03-2018, 31-03-2018]",9.3E+5,CPCB 2018,NCC02 - Exit of Chandigarh Sector 53,30.721836,76.731728
1087,pH,-,"[01-04-2018, 30-04-2018]",7.3,CPCB 2018,NCC02 - Exit of Chandigarh Sector 53,30.721836,76.731728
1088,Conductivity,µs/cm,"[01-04-2018, 30-04-2018]",663.0,CPCB 2018,NCC02 - Exit of Chandigarh Sector 53,30.721836,76.731728
1089,DO,mg/l,"[01-04-2018, 30-04-2018]",0.7,CPCB 2018,NCC02 - Exit of Chandigarh Sector 53,30.721836,76.731728
1090,COD,mg/l,"[01-04-2018, 30-04-2018]",176.0,CPCB 2018,NCC02 - Exit of Chandigarh Sector 53,30.721836,76.731728
1091,BOD,mg/l,"[01-04-2018, 30-04-2018]",80.0,CPCB 2018,NCC02 - Exit of Chandigarh Sector 53,30.721836,76.731728
1092,NO3-N,mg/l,"[01-04-2018, 30-04-2018]",2.1,CPCB 2018,NCC02 - Exit of Chandigarh Sector 53,30.721836,76.731728
1093,NH3-N,mg/l,"[01-04-2018, 30-04-2018]",17.0,CPCB 2018,NCC02 - Exit of Chandigarh Sector 53,30.721836,76.731728
1094,Phosphate,mg/l,"[01-04-2018, 30-04-2018]",2.36,CPCB 2018,NCC02 - Exit of Chandigarh Sector 53,30.721836,76.731728
1095,TSS,mg/l,"[01-04-2018, 30-04-2018]",81.0,CPCB 2018,NCC02 - Exit of Chandigarh Sector 53,30.721836,76.731728
1096,TDS,mg/l,"[01-04-2018, 30-04-2018]",394.0,CPCB 2018,NCC02 - Exit of Chandigarh Sector 53,30.721836,76.731728
1097,FS,mg/l,"[01-04-2018, 30-04-2018]",273.0,CPCB 2018,NCC02 - Exit of Chandigarh Sector 53,30.721836,76.731728
1098,Turbidity,NTU,"[01-04-2018, 30-04-2018]",125.0,CPCB 2018,NCC02 - Exit of Chandigarh Sector 53,30.721836,76.731728
1099,TH as CaCO3,mg/l,"[01-04-2018, 30-04-2018]",212.0,CPCB 2018,NCC02 - Exit of Chandigarh Sector 53,30.721836,76.731728
1100,Ca as CaCO3,mg/l,"[01-04-2018, 30-04-2018]",120.0,CPCB 2018,NCC02 - Exit of Chandigarh Sector 53,30.721836,76.731728
1101,Mg as CaCO3,mg/l,"[01-04-2018, 30-04-2018]",92.0,CPCB 2018,NCC02 - Exit of Chandigarh Sector 53,30.721836,76.731728
1102,Sulphate,mg/l,"[01-04-2018, 30-04-2018]",52.0,CPCB 2018,NCC02 - Exit of Chandigarh Sector 53,30.721836,76.731728
1103,Chloride,mg/l,"[01-04-2018, 30-04-2018]",45.0,CPCB 2018,NCC02 - Exit of Chandigarh Sector 53,30.721836,76.731728
1104,Total alkalinity as CaCO3,mg/l,"[01-04-2018, 30-04-2018]",258.0,CPCB 2018,NCC02 - Exit of Chandigarh Sector 53,30.721836,76.731728
1105,P-Alkalinity,mg/l,"[01-04-2018, 30-04-2018]",0.0,CPCB 2018,NCC02 - Exit of Chandigarh Sector 53,30.721836,76.731728
1106,Fluoride,mg/l,"[01-04-2018, 30-04-2018]",0.0,CPCB 2018,NCC02 - Exit of Chandigarh Sector 53,30.721836,76.731728
1107,Colour,Hazen,"[01-04-2018, 30-04-2018]",20.0,CPCB 2018,NCC02 - Exit of Chandigarh Sector 53,30.721836,76.731728
1108,Boron(B),mg/l,"[01-04-2018, 30-04-2018]",0.14,CPCB 2018,NCC02 - Exit of Chandigarh Sector 53,30.721836,76.731728
1109,TKN,mg/l,"[01-04-2018, 30-04-2018]",4.1,CPCB 2018,NCC02 - Exit of Chandigarh Sector 53,30.721836,76.731728
1110,Potassium,mg/l,"[01-04-2018, 30-04-2018]",8.0,CPCB 2018,NCC02 - Exit of Chandigarh Sector 53,30.721836,76.731728
1111,Sodium,mg/l,"[01-04-2018, 30-04-2018]",30.0,CPCB 2018,NCC02 - Exit of Chandigarh Sector 53,30.721836,76.731728
1112,Total Coliform,MPN/100ml,"[01-04-2018, 30-04-2018]",6.1E+5,CPCB 2018,NCC02 - Exit of Chandigarh Sector 53,30.721836,76.731728
1113,Faecal Coliform,MPN/100ml,"[01-04-2018, 30-04-2018]",4.1E+5,CPCB 2018,NCC02 - Exit of Chandigarh Sector 53,30.721836,76.731728
1114,pH,-,"[01-05-2018, 31-05-2018]",7.1,CPCB 2018,NCC02 - Exit of Chandigarh Sector 53,30.721836,76.731728
1115,Conductivity,µs/cm,"[01-05-2018, 31-05-2018]",643.0,CPCB 2018,NCC02 - Exit of Chandigarh Sector 53,30.721836,76.731728
1116,DO,mg/l,"[01-05-2018, 31-05-2018]",0.0,CPCB 2018,NCC02 - Exit of Chandigarh Sector 53,30.721836,76.731728
1117,COD,mg/l,"[01-05-2018, 31-05-2018]",168.0,CPCB 2018,NCC02 - Exit of Chandigarh Sector 53,30.721836,76.731728
1118,BOD,mg/l,"[01-05-2018, 31-05-2018]",73.0,CPCB 2018,NCC02 - Exit of Chandigarh Sector 53,30.721836,76.731728
1119,NO3-N,mg/l,"[01-05-2018, 31-05-2018]",2.0,CPCB 2018,NCC02 - Exit of Chandigarh Sector 53,30.721836,76.731728
1120,NH3-N,mg/l,"[01-05-2018, 31-05-2018]",24.0,CPCB 2018,NCC02 - Exit of Chandigarh Sector 53,30.721836,76.731728
1121,Phosphate,mg/l,"[01-05-2018, 31-05-2018]",2.51,CPCB 2018,NCC02 - Exit of Chandigarh Sector 53,30.721836,76.731728
1122,TSS,mg/l,"[01-05-2018, 31-05-2018]",105.0,CPCB 2018,NCC02 - Exit of Chandigarh Sector 53,30.721836,76.731728
1123,TDS,mg/l,"[01-05-2018, 31-05-2018]",297.0,CPCB 2018,NCC02 - Exit of Chandigarh Sector 53,30.721836,76.731728
1124,FS,mg/l,"[01-05-2018, 31-05-2018]",310.0,CPCB 2018,NCC02 - Exit of Chandigarh Sector 53,30.721836,76.731728
1125,Turbidity,NTU,"[01-05-2018, 31-05-2018]",109.0,CPCB 2018,NCC02 - Exit of Chandigarh Sector 53,30.721836,76.731728
1126,TH as CaCO3,mg/l,"[01-05-2018, 31-05-2018]",220.0,CPCB 2018,NCC02 - Exit of Chandigarh Sector 53,30.721836,76.731728
1127,Ca as CaCO3,mg/l,"[01-05-2018, 31-05-2018]",124.0,CPCB 2018,NCC02 - Exit of Chandigarh Sector 53,30.721836,76.731728
1128,Mg as CaCO3,mg/l,"[01-05-2018, 31-05-2018]",96.0,CPCB 2018,NCC02 - Exit of Chandigarh Sector 53,30.721836,76.731728
1129,Sulphate,mg/l,"[01-05-2018, 31-05-2018]",52.0,CPCB 2018,NCC02 - Exit of Chandigarh Sector 53,30.721836,76.731728
1130,Chloride,mg/l,"[01-05-2018, 31-05-2018]",48.0,CPCB 2018,NCC02 - Exit of Chandigarh Sector 53,30.721836,76.731728
1131,Total alkalinity as CaCO3,mg/l,"[01-05-2018, 31-05-2018]",254.0,CPCB 2018,NCC02 - Exit of Chandigarh Sector 53,30.721836,76.731728
1132,P-Alkalinity,mg/l,"[01-05-2018, 31-05-2018]",0.0,CPCB 2018,NCC02 - Exit of Chandigarh Sector 53,30.721836,76.731728
1133,Fluoride,mg/l,"[01-05-2018, 31-05-2018]",0.0,CPCB 2018,NCC02 - Exit of Chandigarh Sector 53,30.721836,76.731728
1134,Colour,Hazen,"[01-05-2018, 31-05-2018]",20.0,CPCB 2018,NCC02 - Exit of Chandigarh Sector 53,30.721836,76.731728
1135,Boron(B),mg/l,"[01-05-2018, 31-05-2018]",0.14,CPCB 2018,NCC02 - Exit of Chandigarh Sector 53,30.721836,76.731728
1136,TKN,mg/l,"[01-05-2018, 31-05-2018]",3.9,CPCB 2018,NCC02 - Exit of Chandigarh Sector 53,30.721836,76.731728
1137,Potassium,mg/l,"[01-05-2018, 31-05-2018]",8.0,CPCB 2018,NCC02 - Exit of Chandigarh Sector 53,30.721836,76.731728
1138,Sodium,mg/l,"[01-05-2018, 31-05-2018]",24.0,CPCB 2018,NCC02 - Exit of Chandigarh Sector 53,30.721836,76.731728
1139,Total Coliform,MPN/100ml,"[01-05-2018, 31-05-2018]",2.2E+6,CPCB 2018,NCC02 - Exit of Chandigarh Sector 53,30.721836,76.731728
1140,Faecal Coliform,MPN/100ml,"[01-05-2018, 31-05-2018]",1.1E+6,CPCB 2018,NCC02 - Exit of Chandigarh Sector 53,30.721836,76.731728
1141,pH,-,"[01-06-2018, 30-06-2018]",6.9,CPCB 2018,NCC02 - Exit of Chandigarh Sector 53,30.721836,76.731728
1142,Conductivity,µs/cm,"[01-06-2018, 30-06-2018]",638.0,CPCB 2018,NCC02 - Exit of Chandigarh Sector 53,30.721836,76.731728
1143,DO,mg/l,"[01-06-2018, 30-06-2018]",0.0,CPCB 2018,NCC02 - Exit of Chandigarh Sector 53,30.721836,76.731728
1144,COD,mg/l,"[01-06-2018, 30-06-2018]",141.0,CPCB 2018,NCC02 - Exit of Chandigarh Sector 53,30.721836,76.731728
1145,BOD,mg/l,"[01-06-2018, 30-06-2018]",65.0,CPCB 2018,NCC02 - Exit of Chandigarh Sector 53,30.721836,76.731728
1146,NO3-N,mg/l,"[01-06-2018, 30-06-2018]",2.2,CPCB 2018,NCC02 - Exit of Chandigarh Sector 53,30.721836,76.731728
1147,NH3-N,mg/l,"[01-06-2018, 30-06-2018]",18.0,CPCB 2018,NCC02 - Exit of Chandigarh Sector 53,30.721836,76.731728
1148,Phosphate,mg/l,"[01-06-2018, 30-06-2018]",1.83,CPCB 2018,NCC02 - Exit of Chandigarh Sector 53,30.721836,76.731728
1149,TSS,mg/l,"[01-06-2018, 30-06-2018]",82.0,CPCB 2018,NCC02 - Exit of Chandigarh Sector 53,30.721836,76.731728
1150,TDS,mg/l,"[01-06-2018, 30-06-2018]",317.0,CPCB 2018,NCC02 - Exit of Chandigarh Sector 53,30.721836,76.731728
1151,FS,mg/l,"[01-06-2018, 30-06-2018]",271.0,CPCB 2018,NCC02 - Exit of Chandigarh Sector 53,30.721836,76.731728
1152,Turbidity,NTU,"[01-06-2018, 30-06-2018]",95.0,CPCB 2018,NCC02 - Exit of Chandigarh Sector 53,30.721836,76.731728
1153,TH as CaCO3,mg/l,"[01-06-2018, 30-06-2018]",194.0,CPCB 2018,NCC02 - Exit of Chandigarh Sector 53,30.721836,76.731728
1154,Ca as CaCO3,mg/l,"[01-06-2018, 30-06-2018]",116.0,CPCB 2018,NCC02 - Exit of Chandigarh Sector 53,30.721836,76.731728
1155,Mg as CaCO3,mg/l,"[01-06-2018, 30-06-2018]",78.0,CPCB 2018,NCC02 - Exit of Chandigarh Sector 53,30.721836,76.731728
1156,Sulphate,mg/l,"[01-06-2018, 30-06-2018]",51.0,CPCB 2018,NCC02 - Exit of Chandigarh Sector 53,30.721836,76.731728
1157,Chloride,mg/l,"[01-06-2018, 30-06-2018]",46.0,CPCB 2018,NCC02 - Exit of Chandigarh Sector 53,30.721836,76.731728
1158,Total alkalinity as CaCO3,mg/l,"[01-06-2018, 30-06-2018]",246.0,CPCB 2018,NCC02 - Exit of Chandigarh Sector 53,30.721836,76.731728
1159,P-Alkalinity,mg/l,"[01-06-2018, 30-06-2018]",0.0,CPCB 2018,NCC02 - Exit of Chandigarh Sector 53,30.721836,76.731728
1160,Fluoride,mg/l,"[01-06-2018, 30-06-2018]",0.0,CPCB 2018,NCC02 - Exit of Chandigarh Sector 53,30.721836,76.731728
1161,Colour,Hazen,"[01-06-2018, 30-06-2018]",20.0,CPCB 2018,NCC02 - Exit of Chandigarh Sector 53,30.721836,76.731728
1162,Boron(B),mg/l,"[01-06-2018, 30-06-2018]",0.0,CPCB 2018,NCC02 - Exit of Chandigarh Sector 53,30.721836,76.731728
1163,TKN,mg/l,"[01-06-2018, 30-06-2018]",4.3,CPCB 2018,NCC02 - Exit of Chandigarh Sector 53,30.721836,76.731728
1164,Potassium,mg/l,"[01-06-2018, 30-06-2018]",9.0,CPCB 2018,NCC02 - Exit of Chandigarh Sector 53,30.721836,76.731728
1165,Sodium,mg/l,"[01-06-2018, 30-06-2018]",38.0,CPCB 2018,NCC02 - Exit of Chandigarh Sector 53,30.721836,76.731728
1166,Total Coliform,MPN/100ml,"[01-06-2018, 30-06-2018]",1.7E+5,CPCB 2018,NCC02 - Exit of Chandigarh Sector 53,30.721836,76.731728
1167,Faecal Coliform,MPN/100ml,"[01-06-2018, 30-06-2018]",1.4E+5,CPCB 2018,NCC02 - Exit of Chandigarh Sector 53,30.721836,76.731728
1168,pH,-,"[01-07-2018, 31-07-2018]",7.1,CPCB 2018,NCC02 - Exit of Chandigarh Sector 53,30.721836,76.731728
1169,Conductivity,µs/cm,"[01-07-2018, 31-07-2018]",616.0,CPCB 2018,NCC02 - Exit of Chandigarh Sector 53,30.721836,76.731728
1170,DO,mg/l,"[01-07-2018, 31-07-2018]",0.0,CPCB 2018,NCC02 - Exit of Chandigarh Sector 53,30.721836,76.731728
1171,COD,mg/l,"[01-07-2018, 31-07-2018]",164.0,CPCB 2018,NCC02 - Exit of Chandigarh Sector 53,30.721836,76.731728
1172,BOD,mg/l,"[01-07-2018, 31-07-2018]",77.0,CPCB 2018,NCC02 - Exit of Chandigarh Sector 53,30.721836,76.731728
1173,NO3-N,mg/l,"[01-07-2018, 31-07-2018]",2.4,CPCB 2018,NCC02 - Exit of Chandigarh Sector 53,30.721836,76.731728
1174,NH3-N,mg/l,"[01-07-2018, 31-07-2018]",22.0,CPCB 2018,NCC02 - Exit of Chandigarh Sector 53,30.721836,76.731728
1175,Phosphate,mg/l,"[01-07-2018, 31-07-2018]",2.01,CPCB 2018,NCC02 - Exit of Chandigarh Sector 53,30.721836,76.731728
1176,TSS,mg/l,"[01-07-2018, 31-07-2018]",80.0,CPCB 2018,NCC02 - Exit of Chandigarh Sector 53,30.721836,76.731728
1177,TDS,mg/l,"[01-07-2018, 31-07-2018]",342.0,CPCB 2018,NCC02 - Exit of Chandigarh Sector 53,30.721836,76.731728
1178,FS,mg/l,"[01-07-2018, 31-07-2018]",274.0,CPCB 2018,NCC02 - Exit of Chandigarh Sector 53,30.721836,76.731728
1179,Turbidity,NTU,"[01-07-2018, 31-07-2018]",113.0,CPCB 2018,NCC02 - Exit of Chandigarh Sector 53,30.721836,76.731728
1180,TH as CaCO3,mg/l,"[01-07-2018, 31-07-2018]",214.0,CPCB 2018,NCC02 - Exit of Chandigarh Sector 53,30.721836,76.731728
1181,Ca as CaCO3,mg/l,"[01-07-2018, 31-07-2018]",122.0,CPCB 2018,NCC02 - Exit of Chandigarh Sector 53,30.721836,76.731728
1182,Mg as CaCO3,mg/l,"[01-07-2018, 31-07-2018]",92.0,CPCB 2018,NCC02 - Exit of Chandigarh Sector 53,30.721836,76.731728
1183,Sulphate,mg/l,"[01-07-2018, 31-07-2018]",62.0,CPCB 2018,NCC02 - Exit of Chandigarh Sector 53,30.721836,76.731728
1184,Chloride,mg/l,"[01-07-2018, 31-07-2018]",45.0,CPCB 2018,NCC02 - Exit of Chandigarh Sector 53,30.721836,76.731728
1185,Total alkalinity as CaCO3,mg/l,"[01-07-2018, 31-07-2018]",246.0,CPCB 2018,NCC02 - Exit of Chandigarh Sector 53,30.721836,76.731728
1186,P-Alkalinity,mg/l,"[01-07-2018, 31-07-2018]",0.0,CPCB 2018,NCC02 - Exit of Chandigarh Sector 53,30.721836,76.731728
1187,Fluoride,mg/l,"[01-07-2018, 31-07-2018]",0.13,CPCB 2018,NCC02 - Exit of Chandigarh Sector 53,30.721836,76.731728
1188,Colour,Hazen,"[01-07-2018, 31-07-2018]",20.0,CPCB 2018,NCC02 - Exit of Chandigarh Sector 53,30.721836,76.731728
1189,Boron(B),mg/l,"[01-07-2018, 31-07-2018]",0.12,CPCB 2018,NCC02 - Exit of Chandigarh Sector 53,30.721836,76.731728
1190,TKN,mg/l,"[01-07-2018, 31-07-2018]",4.9,CPCB 2018,NCC02 - Exit of Chandigarh Sector 53,30.721836,76.731728
1191,Potassium,mg/l,"[01-07-2018, 31-07-2018]",10.0,CPCB 2018,NCC02 - Exit of Chandigarh Sector 53,30.721836,76.731728
1192,Sodium,mg/l,"[01-07-2018, 31-07-2018]",43.0,CPCB 2018,NCC02 - Exit of Chandigarh Sector 53,30.721836,76.731728
1193,Total Coliform,MPN/100ml,"[01-07-2018, 31-07-2018]",5.4E+5,CPCB 2018,NCC02 - Exit of Chandigarh Sector 53,30.721836,76.731728
1194,Faecal Coliform,MPN/100ml,"[01-07-2018, 31-07-2018]",4E+5,CPCB 2018,NCC02 - Exit of Chandigarh Sector 53,30.721836,76.731728
1195,pH,-,"[01-08-2018, 31-08-2018]",7.1,CPCB 2018,NCC02 - Exit of Chandigarh Sector 53,30.721836,76.731728
1196,Conductivity,µs/cm,"[01-08-2018, 31-08-2018]",559.0,CPCB 2018,NCC02 - Exit of Chandigarh Sector 53,30.721836,76.731728
1197,DO,mg/l,"[01-08-2018, 31-08-2018]",0.0,CPCB 2018,NCC02 - Exit of Chandigarh Sector 53,30.721836,76.731728
1198,COD,mg/l,"[01-08-2018, 31-08-2018]",82.0,CPCB 2018,NCC02 - Exit of Chandigarh Sector 53,30.721836,76.731728
1199,BOD,mg/l,"[01-08-2018, 31-08-2018]",49.0,CPCB 2018,NCC02 - Exit of Chandigarh Sector 53,30.721836,76.731728
1200,NO3-N,mg/l,"[01-08-2018, 31-08-2018]",2.8,CPCB 2018,NCC02 - Exit of Chandigarh Sector 53,30.721836,76.731728
1201,NH3-N,mg/l,"[01-08-2018, 31-08-2018]",15.0,CPCB 2018,NCC02 - Exit of Chandigarh Sector 53,30.721836,76.731728
1202,Phosphate,mg/l,"[01-08-2018, 31-08-2018]",1.03,CPCB 2018,NCC02 - Exit of Chandigarh Sector 53,30.721836,76.731728
1203,TSS,mg/l,"[01-08-2018, 31-08-2018]",62.0,CPCB 2018,NCC02 - Exit of Chandigarh Sector 53,30.721836,76.731728
1204,TDS,mg/l,"[01-08-2018, 31-08-2018]",345.0,CPCB 2018,NCC02 - Exit of Chandigarh Sector 53,30.721836,76.731728
1205,FS,mg/l,"[01-08-2018, 31-08-2018]",289.0,CPCB 2018,NCC02 - Exit of Chandigarh Sector 53,30.721836,76.731728
1206,Turbidity,NTU,"[01-08-2018, 31-08-2018]",92.0,CPCB 2018,NCC02 - Exit of Chandigarh Sector 53,30.721836,76.731728
1207,TH as CaCO3,mg/l,"[01-08-2018, 31-08-2018]",210.0,CPCB 2018,NCC02 - Exit of Chandigarh Sector 53,30.721836,76.731728
1208,Ca as CaCO3,mg/l,"[01-08-2018, 31-08-2018]",120.0,CPCB 2018,NCC02 - Exit of Chandigarh Sector 53,30.721836,76.731728
1209,Mg as CaCO3,mg/l,"[01-08-2018, 31-08-2018]",90.0,CPCB 2018,NCC02 - Exit of Chandigarh Sector 53,30.721836,76.731728
1210,Sulphate,mg/l,"[01-08-2018, 31-08-2018]",54.0,CPCB 2018,NCC02 - Exit of Chandigarh Sector 53,30.721836,76.731728
1211,Chloride,mg/l,"[01-08-2018, 31-08-2018]",42.0,CPCB 2018,NCC02 - Exit of Chandigarh Sector 53,30.721836,76.731728
1212,Total alkalinity as CaCO3,mg/l,"[01-08-2018, 31-08-2018]",224.0,CPCB 2018,NCC02 - Exit of Chandigarh Sector 53,30.721836,76.731728
1213,P-Alkalinity,mg/l,"[01-08-2018, 31-08-2018]",0.0,CPCB 2018,NCC02 - Exit of Chandigarh Sector 53,30.721836,76.731728
1214,Fluoride,mg/l,"[01-08-2018, 31-08-2018]",0.14,CPCB 2018,NCC02 - Exit of Chandigarh Sector 53,30.721836,76.731728
1215,Colour,Hazen,"[01-08-2018, 31-08-2018]",20.0,CPCB 2018,NCC02 - Exit of Chandigarh Sector 53,30.721836,76.731728
1216,Boron(B),mg/l,"[01-08-2018, 31-08-2018]",0.15,CPCB 2018,NCC02 - Exit of Chandigarh Sector 53,30.721836,76.731728
1217,TKN,mg/l,"[01-08-2018, 31-08-2018]",4.9,CPCB 2018,NCC02 - Exit of Chandigarh Sector 53,30.721836,76.731728
1218,Potassium,mg/l,"[01-08-2018, 31-08-2018]",10.0,CPCB 2018,NCC02 - Exit of Chandigarh Sector 53,30.721836,76.731728
1219,Sodium,mg/l,"[01-08-2018, 31-08-2018]",43.0,CPCB 2018,NCC02 - Exit of Chandigarh Sector 53,30.721836,76.731728
1220,Total Coliform,MPN/100ml,"[01-08-2018, 31-08-2018]",2.7E+5,CPCB 2018,NCC02 - Exit of Chandigarh Sector 53,30.721836,76.731728
1221,Faecal Coliform,MPN/100ml,"[01-08-2018, 31-08-2018]",1.4E+5,CPCB 2018,NCC02 - Exit of Chandigarh Sector 53,30.721836,76.731728
1222,pH,-,"[01-09-2018, 30-09-2018]",7.4,CPCB 2018,NCC02 - Exit of Chandigarh Sector 53,30.721836,76.731728
1223,Conductivity,µs/cm,"[01-09-2018, 30-09-2018]",724.0,CPCB 2018,NCC02 - Exit of Chandigarh Sector 53,30.721836,76.731728
1224,DO,mg/l,"[01-09-2018, 30-09-2018]",0.0,CPCB 2018,NCC02 - Exit of Chandigarh Sector 53,30.721836,76.731728
1225,COD,mg/l,"[01-09-2018, 30-09-2018]",114.0,CPCB 2018,NCC02 - Exit of Chandigarh Sector 53,30.721836,76.731728
1226,BOD,mg/l,"[01-09-2018, 30-09-2018]",82.0,CPCB 2018,NCC02 - Exit of Chandigarh Sector 53,30.721836,76.731728
1227,NO3-N,mg/l,"[01-09-2018, 30-09-2018]",1.2,CPCB 2018,NCC02 - Exit of Chandigarh Sector 53,30.721836,76.731728
1228,NH3-N,mg/l,"[01-09-2018, 30-09-2018]",19.0,CPCB 2018,NCC02 - Exit of Chandigarh Sector 53,30.721836,76.731728
1229,Phosphate,mg/l,"[01-09-2018, 30-09-2018]",1.4,CPCB 2018,NCC02 - Exit of Chandigarh Sector 53,30.721836,76.731728
1230,TSS,mg/l,"[01-09-2018, 30-09-2018]",37.0,CPCB 2018,NCC02 - Exit of Chandigarh Sector 53,30.721836,76.731728
1231,TDS,mg/l,"[01-09-2018, 30-09-2018]",390.0,CPCB 2018,NCC02 - Exit of Chandigarh Sector 53,30.721836,76.731728
1232,FS,mg/l,"[01-09-2018, 30-09-2018]",317.0,CPCB 2018,NCC02 - Exit of Chandigarh Sector 53,30.721836,76.731728
1233,Turbidity,NTU,"[01-09-2018, 30-09-2018]",96.0,CPCB 2018,NCC02 - Exit of Chandigarh Sector 53,30.721836,76.731728
1234,TH as CaCO3,mg/l,"[01-09-2018, 30-09-2018]",242.0,CPCB 2018,NCC02 - Exit of Chandigarh Sector 53,30.721836,76.731728
1235,Ca as CaCO3,mg/l,"[01-09-2018, 30-09-2018]",138.0,CPCB 2018,NCC02 - Exit of Chandigarh Sector 53,30.721836,76.731728
1236,Mg as CaCO3,mg/l,"[01-09-2018, 30-09-2018]",104.0,CPCB 2018,NCC02 - Exit of Chandigarh Sector 53,30.721836,76.731728
1237,Sulphate,mg/l,"[01-09-2018, 30-09-2018]",63.0,CPCB 2018,NCC02 - Exit of Chandigarh Sector 53,30.721836,76.731728
1238,Chloride,mg/l,"[01-09-2018, 30-09-2018]",42.0,CPCB 2018,NCC02 - Exit of Chandigarh Sector 53,30.721836,76.731728
1239,Total alkalinity as CaCO3,mg/l,"[01-09-2018, 30-09-2018]",264.0,CPCB 2018,NCC02 - Exit of Chandigarh Sector 53,30.721836,76.731728
1240,P-Alkalinity,mg/l,"[01-09-2018, 30-09-2018]",0.0,CPCB 2018,NCC02 - Exit of Chandigarh Sector 53,30.721836,76.731728
1241,Fluoride,mg/l,"[01-09-2018, 30-09-2018]",0.13,CPCB 2018,NCC02 - Exit of Chandigarh Sector 53,30.721836,76.731728
1242,Colour,Hazen,"[01-09-2018, 30-09-2018]",30.0,CPCB 2018,NCC02 - Exit of Chandigarh Sector 53,30.721836,76.731728
1243,Boron(B),mg/l,"[01-09-2018, 30-09-2018]",0.08,CPCB 2018,NCC02 - Exit of Chandigarh Sector 53,30.721836,76.731728
1244,TKN,mg/l,"[01-09-2018, 30-09-2018]",5.3,CPCB 2018,NCC02 - Exit of Chandigarh Sector 53,30.721836,76.731728
1245,Potassium,mg/l,"[01-09-2018, 30-09-2018]",11.0,CPCB 2018,NCC02 - Exit of Chandigarh Sector 53,30.721836,76.731728
1246,Sodium,mg/l,"[01-09-2018, 30-09-2018]",47.0,CPCB 2018,NCC02 - Exit of Chandigarh Sector 53,30.721836,76.731728
1247,Total Coliform,MPN/100ml,"[01-09-2018, 30-09-2018]",2.7E+6,CPCB 2018,NCC02 - Exit of Chandigarh Sector 53,30.721836,76.731728
1248,Faecal Coliform,MPN/100ml,"[01-09-2018, 30-09-2018]",8.6E+5,CPCB 2018,NCC02 - Exit of Chandigarh Sector 53,30.721836,76.731728
1249,pH,-,"[01-10-2018, 31-10-2018]",7.4,CPCB 2018,NCC02 - Exit of Chandigarh Sector 53,30.721836,76.731728
1250,Conductivity,µs/cm,"[01-10-2018, 31-10-2018]",584.0,CPCB 2018,NCC02 - Exit of Chandigarh Sector 53,30.721836,76.731728
1251,DO,mg/l,"[01-10-2018, 31-10-2018]",0.0,CPCB 2018,NCC02 - Exit of Chandigarh Sector 53,30.721836,76.731728
1252,COD,mg/l,"[01-10-2018, 31-10-2018]",160.0,CPCB 2018,NCC02 - Exit of Chandigarh Sector 53,30.721836,76.731728
1253,BOD,mg/l,"[01-10-2018, 31-10-2018]",79.0,CPCB 2018,NCC02 - Exit of Chandigarh Sector 53,30.721836,76.731728
1254,NO3-N,mg/l,"[01-10-2018, 31-10-2018]",1.5,CPCB 2018,NCC02 - Exit of Chandigarh Sector 53,30.721836,76.731728
1255,NH3-N,mg/l,"[01-10-2018, 31-10-2018]",23.0,CPCB 2018,NCC02 - Exit of Chandigarh Sector 53,30.721836,76.731728
1256,Phosphate,mg/l,"[01-10-2018, 31-10-2018]",2.4,CPCB 2018,NCC02 - Exit of Chandigarh Sector 53,30.721836,76.731728
1257,TSS,mg/l,"[01-10-2018, 31-10-2018]",100.0,CPCB 2018,NCC02 - Exit of Chandigarh Sector 53,30.721836,76.731728
1258,TDS,mg/l,"[01-10-2018, 31-10-2018]",384.0,CPCB 2018,NCC02 - Exit of Chandigarh Sector 53,30.721836,76.731728
1259,FS,mg/l,"[01-10-2018, 31-10-2018]",280.0,CPCB 2018,NCC02 - Exit of Chandigarh Sector 53,30.721836,76.731728
1260,Turbidity,NTU,"[01-10-2018, 31-10-2018]",112.0,CPCB 2018,NCC02 - Exit of Chandigarh Sector 53,30.721836,76.731728
1261,TH as CaCO3,mg/l,"[01-10-2018, 31-10-2018]",220.0,CPCB 2018,NCC02 - Exit of Chandigarh Sector 53,30.721836,76.731728
1262,Ca as CaCO3,mg/l,"[01-10-2018, 31-10-2018]",128.0,CPCB 2018,NCC02 - Exit of Chandigarh Sector 53,30.721836,76.731728
1263,Mg as CaCO3,mg/l,"[01-10-2018, 31-10-2018]",92.0,CPCB 2018,NCC02 - Exit of Chandigarh Sector 53,30.721836,76.731728
1264,Sulphate,mg/l,"[01-10-2018, 31-10-2018]",68.0,CPCB 2018,NCC02 - Exit of Chandigarh Sector 53,30.721836,76.731728
1265,Chloride,mg/l,"[01-10-2018, 31-10-2018]",40.0,CPCB 2018,NCC02 - Exit of Chandigarh Sector 53,30.721836,76.731728
1266,Total alkalinity as CaCO3,mg/l,"[01-10-2018, 31-10-2018]",234.0,CPCB 2018,NCC02 - Exit of Chandigarh Sector 53,30.721836,76.731728
1267,P-Alkalinity,mg/l,"[01-10-2018, 31-10-2018]",0.0,CPCB 2018,NCC02 - Exit of Chandigarh Sector 53,30.721836,76.731728
1268,Fluoride,mg/l,"[01-10-2018, 31-10-2018]",0.0,CPCB 2018,NCC02 - Exit of Chandigarh Sector 53,30.721836,76.731728
1269,Colour,Hazen,"[01-10-2018, 31-10-2018]",30.0,CPCB 2018,NCC02 - Exit of Chandigarh Sector 53,30.721836,76.731728
1270,Boron(B),mg/l,"[01-10-2018, 31-10-2018]",0.0,CPCB 2018,NCC02 - Exit of Chandigarh Sector 53,30.721836,76.731728
1271,TKN,mg/l,"[01-10-2018, 31-10-2018]",4.9,CPCB 2018,NCC02 - Exit of Chandigarh Sector 53,30.721836,76.731728
1272,Potassium,mg/l,"[01-10-2018, 31-10-2018]",12.0,CPCB 2018,NCC02 - Exit of Chandigarh Sector 53,30.721836,76.731728
1273,Sodium,mg/l,"[01-10-2018, 31-10-2018]",28.0,CPCB 2018,NCC02 - Exit of Chandigarh Sector 53,30.721836,76.731728
1274,Total Coliform,MPN/100ml,"[01-10-2018, 31-10-2018]",2.7E+6,CPCB 2018,NCC02 - Exit of Chandigarh Sector 53,30.721836,76.731728
1275,Faecal Coliform,MPN/100ml,"[01-10-2018, 31-10-2018]",8E+5,CPCB 2018,NCC02 - Exit of Chandigarh Sector 53,30.721836,76.731728
1276,pH,-,"[01-11-2018, 30-11-2018]",7.0,CPCB 2018,NCC02 - Exit of Chandigarh Sector 53,30.721836,76.731728
1277,Conductivity,µs/cm,"[01-11-2018, 30-11-2018]",611.0,CPCB 2018,NCC02 - Exit of Chandigarh Sector 53,30.721836,76.731728
1278,DO,mg/l,"[01-11-2018, 30-11-2018]",0.0,CPCB 2018,NCC02 - Exit of Chandigarh Sector 53,30.721836,76.731728
1279,COD,mg/l,"[01-11-2018, 30-11-2018]",204.0,CPCB 2018,NCC02 - Exit of Chandigarh Sector 53,30.721836,76.731728
1280,BOD,mg/l,"[01-11-2018, 30-11-2018]",65.0,CPCB 2018,NCC02 - Exit of Chandigarh Sector 53,30.721836,76.731728
1281,NO3-N,mg/l,"[01-11-2018, 30-11-2018]",2.0,CPCB 2018,NCC02 - Exit of Chandigarh Sector 53,30.721836,76.731728
1282,NH3-N,mg/l,"[01-11-2018, 30-11-2018]",23.0,CPCB 2018,NCC02 - Exit of Chandigarh Sector 53,30.721836,76.731728
1283,Phosphate,mg/l,"[01-11-2018, 30-11-2018]",2.4,CPCB 2018,NCC02 - Exit of Chandigarh Sector 53,30.721836,76.731728
1284,TSS,mg/l,"[01-11-2018, 30-11-2018]",120.0,CPCB 2018,NCC02 - Exit of Chandigarh Sector 53,30.721836,76.731728
1285,TDS,mg/l,"[01-11-2018, 30-11-2018]",300.0,CPCB 2018,NCC02 - Exit of Chandigarh Sector 53,30.721836,76.731728
1286,FS,mg/l,"[01-11-2018, 30-11-2018]",248.0,CPCB 2018,NCC02 - Exit of Chandigarh Sector 53,30.721836,76.731728
1287,Turbidity,NTU,"[01-11-2018, 30-11-2018]",119.0,CPCB 2018,NCC02 - Exit of Chandigarh Sector 53,30.721836,76.731728
1288,TH as CaCO3,mg/l,"[01-11-2018, 30-11-2018]",220.0,CPCB 2018,NCC02 - Exit of Chandigarh Sector 53,30.721836,76.731728
1289,Ca as CaCO3,mg/l,"[01-11-2018, 30-11-2018]",142.0,CPCB 2018,NCC02 - Exit of Chandigarh Sector 53,30.721836,76.731728
1290,Mg as CaCO3,mg/l,"[01-11-2018, 30-11-2018]",78.0,CPCB 2018,NCC02 - Exit of Chandigarh Sector 53,30.721836,76.731728
1291,Sulphate,mg/l,"[01-11-2018, 30-11-2018]",74.0,CPCB 2018,NCC02 - Exit of Chandigarh Sector 53,30.721836,76.731728
1292,Chloride,mg/l,"[01-11-2018, 30-11-2018]",41.0,CPCB 2018,NCC02 - Exit of Chandigarh Sector 53,30.721836,76.731728
1293,Total alkalinity as CaCO3,mg/l,"[01-11-2018, 30-11-2018]",266.0,CPCB 2018,NCC02 - Exit of Chandigarh Sector 53,30.721836,76.731728
1294,P-Alkalinity,mg/l,"[01-11-2018, 30-11-2018]",0.0,CPCB 2018,NCC02 - Exit of Chandigarh Sector 53,30.721836,76.731728
1295,Fluoride,mg/l,"[01-11-2018, 30-11-2018]",0.12,CPCB 2018,NCC02 - Exit of Chandigarh Sector 53,30.721836,76.731728
1296,Colour,Hazen,"[01-11-2018, 30-11-2018]",30.0,CPCB 2018,NCC02 - Exit of Chandigarh Sector 53,30.721836,76.731728
1297,Boron(B),mg/l,"[01-11-2018, 30-11-2018]",0.0,CPCB 2018,NCC02 - Exit of Chandigarh Sector 53,30.721836,76.731728
1298,TKN,mg/l,"[01-11-2018, 30-11-2018]",26.0,CPCB 2018,NCC02 - Exit of Chandigarh Sector 53,30.721836,76.731728
1299,Potassium,mg/l,"[01-11-2018, 30-11-2018]",22.0,CPCB 2018,NCC02 - Exit of Chandigarh Sector 53,30.721836,76.731728
1300,Sodium,mg/l,"[01-11-2018, 30-11-2018]",17.0,CPCB 2018,NCC02 - Exit of Chandigarh Sector 53,30.721836,76.731728
1301,Total Coliform,MPN/100ml,"[01-11-2018, 30-11-2018]",1.8E+7,CPCB 2018,NCC02 - Exit of Chandigarh Sector 53,30.721836,76.731728
1302,Faecal Coliform,MPN/100ml,"[01-11-2018, 30-11-2018]",8E+6,CPCB 2018,NCC02 - Exit of Chandigarh Sector 53,30.721836,76.731728
1303,pH,-,"[01-12-2018, 31-12-2018]",7.1,CPCB 2018,NCC02 - Exit of Chandigarh Sector 53,30.721836,76.731728
1304,Conductivity,µs/cm,"[01-12-2018, 31-12-2018]",696.0,CPCB 2018,NCC02 - Exit of Chandigarh Sector 53,30.721836,76.731728
1305,DO,mg/l,"[01-12-2018, 31-12-2018]",0.0,CPCB 2018,NCC02 - Exit of Chandigarh Sector 53,30.721836,76.731728
1306,COD,mg/l,"[01-12-2018, 31-12-2018]",228.0,CPCB 2018,NCC02 - Exit of Chandigarh Sector 53,30.721836,76.731728
1307,BOD,mg/l,"[01-12-2018, 31-12-2018]",69.0,CPCB 2018,NCC02 - Exit of Chandigarh Sector 53,30.721836,76.731728
1308,NO3-N,mg/l,"[01-12-2018, 31-12-2018]",6.3,CPCB 2018,NCC02 - Exit of Chandigarh Sector 53,30.721836,76.731728
1309,NH3-N,mg/l,"[01-12-2018, 31-12-2018]",29.0,CPCB 2018,NCC02 - Exit of Chandigarh Sector 53,30.721836,76.731728
1310,Phosphate,mg/l,"[01-12-2018, 31-12-2018]",3.3,CPCB 2018,NCC02 - Exit of Chandigarh Sector 53,30.721836,76.731728
1311,TSS,mg/l,"[01-12-2018, 31-12-2018]",113.0,CPCB 2018,NCC02 - Exit of Chandigarh Sector 53,30.721836,76.731728
1312,TDS,mg/l,"[01-12-2018, 31-12-2018]",318.0,CPCB 2018,NCC02 - Exit of Chandigarh Sector 53,30.721836,76.731728
1313,FS,mg/l,"[01-12-2018, 31-12-2018]",324.0,CPCB 2018,NCC02 - Exit of Chandigarh Sector 53,30.721836,76.731728
1314,Turbidity,NTU,"[01-12-2018, 31-12-2018]",112.0,CPCB 2018,NCC02 - Exit of Chandigarh Sector 53,30.721836,76.731728
1315,TH as CaCO3,mg/l,"[01-12-2018, 31-12-2018]",220.0,CPCB 2018,NCC02 - Exit of Chandigarh Sector 53,30.721836,76.731728
1316,Ca as CaCO3,mg/l,"[01-12-2018, 31-12-2018]",140.0,CPCB 2018,NCC02 - Exit of Chandigarh Sector 53,30.721836,76.731728
1317,Mg as CaCO3,mg/l,"[01-12-2018, 31-12-2018]",80.0,CPCB 2018,NCC02 - Exit of Chandigarh Sector 53,30.721836,76.731728
1318,Sulphate,mg/l,"[01-12-2018, 31-12-2018]",66.0,CPCB 2018,NCC02 - Exit of Chandigarh Sector 53,30.721836,76.731728
1319,Chloride,mg/l,"[01-12-2018, 31-12-2018]",40.0,CPCB 2018,NCC02 - Exit of Chandigarh Sector 53,30.721836,76.731728
1320,Total alkalinity as CaCO3,mg/l,"[01-12-2018, 31-12-2018]",282.0,CPCB 2018,NCC02 - Exit of Chandigarh Sector 53,30.721836,76.731728
1321,P-Alkalinity,mg/l,"[01-12-2018, 31-12-2018]",0.0,CPCB 2018,NCC02 - Exit of Chandigarh Sector 53,30.721836,76.731728
1322,Fluoride,mg/l,"[01-12-2018, 31-12-2018]",0.12,CPCB 2018,NCC02 - Exit of Chandigarh Sector 53,30.721836,76.731728
1323,Colour,Hazen,"[01-12-2018, 31-12-2018]",30.0,CPCB 2018,NCC02 - Exit of Chandigarh Sector 53,30.721836,76.731728
1324,Boron(B),mg/l,"[01-12-2018, 31-12-2018]",0.0,CPCB 2018,NCC02 - Exit of Chandigarh Sector 53,30.721836,76.731728
1325,TKN,mg/l,"[01-12-2018, 31-12-2018]",10.9,CPCB 2018,NCC02 - Exit of Chandigarh Sector 53,30.721836,76.731728
1326,Potassium,mg/l,"[01-12-2018, 31-12-2018]",2.0,CPCB 2018,NCC02 - Exit of Chandigarh Sector 53,30.721836,76.731728
1327,Sodium,mg/l,"[01-12-2018, 31-12-2018]",39.0,CPCB 2018,NCC02 - Exit of Chandigarh Sector 53,30.721836,76.731728
1328,Total Coliform,MPN/100ml,"[01-12-2018, 31-12-2018]",7.6E+6,CPCB 2018,NCC02 - Exit of Chandigarh Sector 53,30.721836,76.731728
1329,Faecal Coliform,MPN/100ml,"[01-12-2018, 31-12-2018]",1.1E+5,CPCB 2018,NCC02 - Exit of Chandigarh Sector 53,30.721836,76.731728
1330,Temperature (Min),°C,"[01-01-2021, 31-12-2021]",16.0,CPCB 2021 Exit Point,NCC02 - Exit of Chandigarh Sector 53,30.721836,76.731728
1331,Temperature (Max),°C,"[01-01-2021, 31-12-2021]",32.0,CPCB 2021 Exit Point,NCC02 - Exit of Chandigarh Sector 53,30.721836,76.731728
1332,DO (Min),mg/l,"[01-01-2021, 31-12-2021]",0.3,CPCB 2021 Exit Point,NCC02 - Exit of Chandigarh Sector 53,30.721836,76.731728
1333,DO (Max),mg/l,"[01-01-2021, 31-12-2021]",9.1,CPCB 2021 Exit Point,NCC02 - Exit of Chandigarh Sector 53,30.721836,76.731728
1334,pH (Min),-,"[01-01-2021, 31-12-2021]",6.9,CPCB 2021 Exit Point,NCC02 - Exit of Chandigarh Sector 53,30.721836,76.731728
1335,pH (Max),-,"[01-01-2021, 31-12-2021]",7.8,CPCB 2021 Exit Point,NCC02 - Exit of Chandigarh Sector 53,30.721836,76.731728
1336,Conductivity (Min),µs/cm,"[01-01-2021, 31-12-2021]",460.0,CPCB 2021 Exit Point,NCC02 - Exit of Chandigarh Sector 53,30.721836,76.731728
1337,Conductivity (Max),µs/cm,"[01-01-2021, 31-12-2021]",669.0,CPCB 2021 Exit Point,NCC02 - Exit of Chandigarh Sector 53,30.721836,76.731728
1338,BOD (Min),mg/l,"[01-01-2021, 31-12-2021]",2.1,CPCB 2021 Exit Point,NCC02 - Exit of Chandigarh Sector 53,30.721836,76.731728
1339,BOD (Max),mg/l,"[01-01-2021, 31-12-2021]",185.0,CPCB 2021 Exit Point,NCC02 - Exit of Chandigarh Sector 53,30.721836,76.731728
1340,NO3-N (Min),mg/l,"[01-01-2021, 31-12-2021]",0.5,CPCB 2021 Exit Point,NCC02 - Exit of Chandigarh Sector 53,30.721836,76.731728
1341,NO3-N (Max),mg/l,"[01-01-2021, 31-12-2021]",2.2,CPCB 2021 Exit Point,NCC02 - Exit of Chandigarh Sector 53,30.721836,76.731728
1342,Faecal Coliform (Min),MPN/100ml,"[01-01-2021, 31-12-2021]",2700.0,CPCB 2021 Exit Point,NCC02 - Exit of Chandigarh Sector 53,30.721836,76.731728
1343,Faecal Coliform (Max),MPN/100ml,"[01-01-2021, 31-12-2021]",6.9E+6,CPCB 2021 Exit Point,NCC02 - Exit of Chandigarh Sector 53,30.721836,76.731728
1344,Total Coliform (Min),MPN/100ml,"[01-01-2021, 31-12-2021]",1.72E+4,CPCB 2021 Exit Point,NCC02 - Exit of Chandigarh Sector 53,30.721836,76.731728
1345,Total Coliform (Max),MPN/100ml,"[01-01-2021, 31-12-2021]",7.6E+7,CPCB 2021 Exit Point,NCC02 - Exit of Chandigarh Sector 53,30.721836,76.731728
1346,Temperature (Min),°C,"[01-01-2023, 31-12-2023]",15.0,CPCB 2023 Exit Point,NCC02 - Exit of Chandigarh Sector 53,30.721836,76.731728
1347,Temperature (Max),°C,"[01-01-2023, 31-12-2023]",29.0,CPCB 2023 Exit Point,NCC02 - Exit of Chandigarh Sector 53,30.721836,76.731728
1348,DO (Min),mg/l,"[01-01-2023, 31-12-2023]",0.3,CPCB 2023 Exit Point,NCC02 - Exit of Chandigarh Sector 53,30.721836,76.731728
1349,DO (Max),mg/l,"[01-01-2023, 31-12-2023]",8.8,CPCB 2023 Exit Point,NCC02 - Exit of Chandigarh Sector 53,30.721836,76.731728
1350,pH (Min),-,"[01-01-2023, 31-12-2023]",7.1,CPCB 2023 Exit Point,NCC02 - Exit of Chandigarh Sector 53,30.721836,76.731728
1351,pH (Max),-,"[01-01-2023, 31-12-2023]",7.8,CPCB 2023 Exit Point,NCC02 - Exit of Chandigarh Sector 53,30.721836,76.731728
1352,Conductivity (Min),µs/cm,"[01-01-2023, 31-12-2023]",150.0,CPCB 2023 Exit Point,NCC02 - Exit of Chandigarh Sector 53,30.721836,76.731728
1353,Conductivity (Max),µs/cm,"[01-01-2023, 31-12-2023]",793.0,CPCB 2023 Exit Point,NCC02 - Exit of Chandigarh Sector 53,30.721836,76.731728
1354,BOD (Min),mg/l,"[01-01-2023, 31-12-2023]",3.0,CPCB 2023 Exit Point,NCC02 - Exit of Chandigarh Sector 53,30.721836,76.731728
1355,BOD (Max),mg/l,"[01-01-2023, 31-12-2023]",118.0,CPCB 2023 Exit Point,NCC02 - Exit of Chandigarh Sector 53,30.721836,76.731728
1356,NO3-N (Min),mg/l,"[01-01-2023, 31-12-2023]",0.9,CPCB 2023 Exit Point,NCC02 - Exit of Chandigarh Sector 53,30.721836,76.731728
1357,NO3-N (Max),mg/l,"[01-01-2023, 31-12-2023]",4.3,CPCB 2023 Exit Point,NCC02 - Exit of Chandigarh Sector 53,30.721836,76.731728
1358,Faecal Coliform (Min),MPN/100ml,"[01-01-2023, 31-12-2023]",330.0,CPCB 2023 Exit Point,NCC02 - Exit of Chandigarh Sector 53,30.721836,76.731728
1359,Faecal Coliform (Max),MPN/100ml,"[01-01-2023, 31-12-2023]",2.6E+5,CPCB 2023 Exit Point,NCC02 - Exit of Chandigarh Sector 53,30.721836,76.731728
1360,Total Coliform (Min),MPN/100ml,"[01-01-2023, 31-12-2023]",1100.0,CPCB 2023 Exit Point,NCC02 - Exit of Chandigarh Sector 53,30.721836,76.731728
1361,Total Coliform (Max),MPN/100ml,"[01-01-2023, 31-12-2023]",9.4E+5,CPCB 2023 Exit Point,NCC02 - Exit of Chandigarh Sector 53,30.721836,76.731728
1362,FS (Min),MPN/100ml,"[01-01-2023, 31-12-2023]",0.0,CPCB 2023 Exit Point,NCC02 - Exit of Chandigarh Sector 53,30.721836,76.731728
1363,FS (Max),MPN/100ml,"[01-01-2023, 31-12-2023]",0.0,CPCB 2023 Exit Point,NCC02 - Exit of Chandigarh Sector 53,30.721836,76.731728
1364,pH,,"[01-01-2024, 31-12-2024]",7.9,Green tribunal,NCC02 - Exit of Chandigarh Sector 53,30.721836,76.731728
1365,COD,mg/l,"[01-01-2024, 31-12-2024]",76,Green tribunal,NCC02 - Exit of Chandigarh Sector 53,30.721836,76.731728
1366,BOD,mg/l,"[01-01-2024, 31-12-2024]",22,Green tribunal,NCC02 - Exit of Chandigarh Sector 53,30.721836,76.731728
1367,TSS,mg/l,"[01-01-2024, 31-12-2024]",22,Green tribunal,NCC02 - Exit of Chandigarh Sector 53,30.721836,76.731728
1368,TDS,mg/l,"[01-01-2024, 31-12-2024]",412,Green tribunal,NCC02 - Exit of Chandigarh Sector 53,30.721836,76.731728
1369,Conductivity,mg/l,"[01-01-2024, 31-12-2024]",780,Green tribunal,NCC02 - Exit of Chandigarh Sector 53,30.721836,76.731728
1370,Chloride,mg/l,"[01-01-2024, 31-12-2024]",34,Green tribunal,NCC02 - Exit of Chandigarh Sector 53,30.721836,76.731728
1371,Phosphate-P,mg/l,"[01-01-2024, 31-12-2024]",0.7,Green tribunal,NCC02 - Exit of Chandigarh Sector 53,30.721836,76.731728
1372,NO2-N,mg/l,"[01-01-2024, 31-12-2024]",0.08,Green tribunal,NCC02 - Exit of Chandigarh Sector 53,30.721836,76.731728
1373,NO3-N,mg/l,"[01-01-2024, 31-12-2024]",0.7,Green tribunal,NCC02 - Exit of Chandigarh Sector 53,30.721836,76.731728
1374,NH3-N,mg/l,"[01-01-2024, 31-12-2024]",6,Green tribunal,NCC02 - Exit of Chandigarh Sector 53,30.721836,76.731728
1375,SO4,mg/l,"[01-01-2024, 31-12-2024]",66,Green tribunal,NCC02 - Exit of Chandigarh Sector 53,30.721836,76.731728
1376,Colour,CU,"[01-01-2024, 31-12-2024]",0,Green tribunal,NCC02 - Exit of Chandigarh Sector 53,30.721836,76.731728
1377,TKN,mg/l,"[01-01-2024, 31-12-2024]",7,Green tribunal,NCC02 - Exit of Chandigarh Sector 53,30.721836,76.731728
1378,T-Coliform,MPN/100 ml,"[01-01-2024, 31-12-2024]",35x10^3,Green tribunal,NCC02 - Exit of Chandigarh Sector 53,30.721836,76.731728
1379,Temperature (Max),°C,"[01-01-2020, 31-12-2020]",29,CPCB 2020 Exit Point,CPCB Station Code 2047,30.742291,76.767246
1380,DO (Max),mg/l,"[01-01-2020, 31-12-2020]",0.6,CPCB 2020 Exit Point,CPCB Station Code 2047,30.742291,76.767246
1381,pH (Max),-,"[01-01-2020, 31-12-2020]",7.5,CPCB 2020 Exit Point,CPCB Station Code 2047,30.742291,76.767246
1382,Conductivity (Max),µs/cm,"[01-01-2020, 31-12-2020]",667,CPCB 2020 Exit Point,CPCB Station Code 2047,30.742291,76.767246
1383,BOD (Max),mg/l,"[01-01-2020, 31-12-2020]",210,CPCB 2020 Exit Point,CPCB Station Code 2047,30.742291,76.767246
1384,NO3-N (Max),mg/l,"[01-01-2020, 31-12-2020]",4.2,CPCB 2020 Exit Point,CPCB Station Code 2047,30.742291,76.767246
1385,Faecal Coliform (Max),MPN/100ml,"[01-01-2020, 31-12-2020]",3.20E+06,CPCB 2020 Exit Point,CPCB Station Code 2047,30.742291,76.767246
1386,Total Coliform (Max),MPN/100ml,"[01-01-2020, 31-12-2020]",1.75E+07,CPCB 2020 Exit Point,CPCB Station Code 2047,30.742291,76.767246
1387,pH,,"[01-01-2024, 31-12-2024]",7.6,Green tribunal,NCC01 - Sector 36,30.73082,76.751379
1388,COD,mg/l,"[01-01-2024, 31-12-2024]",90,Green tribunal,NCC01 - Sector 36,30.73082,76.751379
1389,BOD,mg/l,"[01-01-2024, 31-12-2024]",28,Green tribunal,NCC01 - Sector 36,30.73082,76.751379
1390,TSS,mg/l,"[01-01-2024, 31-12-2024]",23,Green tribunal,NCC01 - Sector 36,30.73082,76.751379
1391,TDS,mg/l,"[01-01-2024, 31-12-2024]",380,Green tribunal,NCC01 - Sector 36,30.73082,76.751379
1392,Conductivity,mg/l,"[01-01-2024, 31-12-2024]",815,Green tribunal,NCC01 - Sector 36,30.73082,76.751379
1393,Chloride,mg/l,"[01-01-2024, 31-12-2024]",46,Green tribunal,NCC01 - Sector 36,30.73082,76.751379
1394,Phosphate-P,mg/l,"[01-01-2024, 31-12-2024]",0.7,Green tribunal,NCC01 - Sector 36,30.73082,76.751379
1395,NO2-N,mg/l,"[01-01-2024, 31-12-2024]",0.06,Green tribunal,NCC01 - Sector 36,30.73082,76.751379
1396,NO3-N,mg/l,"[01-01-2024, 31-12-2024]",0,Green tribunal,NCC01 - Sector 36,30.73082,76.751379
1397,NH3-N,mg/l,"[01-01-2024, 31-12-2024]",7,Green tribunal,NCC01 - Sector 36,30.73082,76.751379
1398,SO4,mg/l,"[01-01-2024, 31-12-2024]",72,Green tribunal,NCC01 - Sector 36,30.73082,76.751379
1399,Colour,CU,"[01-01-2024, 31-12-2024]",0,Green tribunal,NCC01 - Sector 36,30.73082,76.751379
1400,TKN,mg/l,"[01-01-2024, 31-12-2024]",9,Green tribunal,NCC01 - Sector 36,30.73082,76.751379
1401,T-Coliform,MPN/100 ml,"[01-01-2024, 31-12-2024]",35x10^4,Green tribunal,NCC01 - Sector 36,30.73082,76.751379
1402,pH,,"[01-01-2024, 31-12-2024]",7.4,Green tribunal,NCM04 - 45MLD STP Chilla Village,30.65295,76.72189
1403,COD,mg/l,"[01-01-2024, 31-12-2024]",172,Green tribunal,NCM04 - 45MLD STP Chilla Village,30.65295,76.72189
1404,BOD,mg/l,"[01-01-2024, 31-12-2024]",68,Green tribunal,NCM04 - 45MLD STP Chilla Village,30.65295,76.72189
1405,TSS,mg/l,"[01-01-2024, 31-12-2024]",105,Green tribunal,NCM04 - 45MLD STP Chilla Village,30.65295,76.72189
1406,TDS,mg/l,"[01-01-2024, 31-12-2024]",424,Green tribunal,NCM04 - 45MLD STP Chilla Village,30.65295,76.72189
1407,Conductivity,mg/l,"[01-01-2024, 31-12-2024]",1017,Green tribunal,NCM04 - 45MLD STP Chilla Village,30.65295,76.72189
1408,Chloride,mg/l,"[01-01-2024, 31-12-2024]",65,Green tribunal,NCM04 - 45MLD STP Chilla Village,30.65295,76.72189
1409,Phosphate-P,mg/l,"[01-01-2024, 31-12-2024]",4.5,Green tribunal,NCM04 - 45MLD STP Chilla Village,30.65295,76.72189
1410,NO2-N,mg/l,"[01-01-2024, 31-12-2024]",0,Green tribunal,NCM04 - 45MLD STP Chilla Village,30.65295,76.72189
1411,NO3-N,mg/l,"[01-01-2024, 31-12-2024]",0,Green tribunal,NCM04 - 45MLD STP Chilla Village,30.65295,76.72189
1412,NH3-N,mg/l,"[01-01-2024, 31-12-2024]",0,Green tribunal,NCM04 - 45MLD STP Chilla Village,30.65295,76.72189
1413,SO4,mg/l,"[01-01-2024, 31-12-2024]",42,Green tribunal,NCM04 - 45MLD STP Chilla Village,30.65295,76.72189
1414,Colour,CU,"[01-01-2024, 31-12-2024]",0,Green tribunal,NCM04 - 45MLD STP Chilla Village,30.65295,76.72189
1415,TKN,mg/l,"[01-01-2024, 31-12-2024]",0,Green tribunal,NCM04 - 45MLD STP Chilla Village,30.65295,76.72189
1416,T-Coliform,MPN/100 ml,"[01-01-2024, 31-12-2024]",92x10^5,Green tribunal,NCM04 - 45MLD STP Chilla Village,30.65295,76.72189
1417,pH,,"[01-01-2024, 31-12-2024]",7.5,Green tribunal,NCP05 - River Ghaggar D/S of N-choe,30.305502,76.62738
1418,COD,mg/l,"[01-01-2024, 31-12-2024]",99,Green tribunal,NCP05 - River Ghaggar D/S of N-choe,30.305502,76.62738
1419,BOD,mg/l,"[01-01-2024, 31-12-2024]",31,Green tribunal,NCP05 - River Ghaggar D/S of N-choe,30.305502,76.62738
1420,TSS,mg/l,"[01-01-2024, 31-12-2024]",109,Green tribunal,NCP05 - River Ghaggar D/S of N-choe,30.305502,76.62738
1421,TDS,mg/l,"[01-01-2024, 31-12-2024]",476,Green tribunal,NCP05 - River Ghaggar D/S of N-choe,30.315357,76.628347
1422,Conductivity,mg/l,"[01-01-2024, 31-12-2024]",1030,Green tribunal,NCP05 - River Ghaggar D/S of N-choe,30.315357,76.628347
1423,Chloride,mg/l,"[01-01-2024, 31-12-2024]",87,Green tribunal,NCP05 - River Ghaggar D/S of N-choe,30.315357,76.628347
1424,Phosphate-P,mg/l,"[01-01-2024, 31-12-2024]",2.6,Green tribunal,NCP05 - River Ghaggar D/S of N-choe,30.315357,76.628347
1425,NO2-N,mg/l,"[01-01-2024, 31-12-2024]",0,Green tribunal,NCP05 - River Ghaggar D/S of N-choe,30.315357,76.628347
1426,NO3-N,mg/l,"[01-01-2024, 31-12-2024]",0,Green tribunal,NCP05 - River Ghaggar D/S of N-choe,30.315357,76.628347
1427,NH3-N,mg/l,"[01-01-2024, 31-12-2024]",22,Green tribunal,NCP05 - River Ghaggar D/S of N-choe,30.315357,76.628347
1428,SO4,mg/l,"[01-01-2024, 31-12-2024]",46,Green tribunal,NCP05 - River Ghaggar D/S of N-choe,30.315357,76.628347
1429,Colour,CU,"[01-01-2024, 31-12-2024]",0,Green tribunal,NCP05 - River Ghaggar D/S of N-choe,30.315357,76.628347
1430,TKN,mg/l,"[01-01-2024, 31-12-2024]",26,Green tribunal,NCP05 - River Ghaggar D/S of N-choe,30.315357,76.628347
1431,T-Coliform,MPN/100 ml,"[01-01-2024, 31-12-2024]",33x10^6,Green tribunal,NCP05 - River Ghaggar D/S of N-choe,30.315357,76.628347
1432,pH,,"[01-01-2024, 31-12-2024]",7.7,Green tribunal,NCP07 - River Ghaggar U/S N-choe,30.305502,76.635388
1433,COD,mg/l,"[01-01-2024, 31-12-2024]",87,Green tribunal,NCP07 - River Ghaggar U/S N-choe,30.305502,76.635388
1434,BOD,mg/l,"[01-01-2024, 31-12-2024]",27,Green tribunal,NCP07 - River Ghaggar U/S N-choe,30.305502,76.635388
1435,TSS,mg/l,"[01-01-2024, 31-12-2024]",73,Green tribunal,NCP07 - River Ghaggar U/S N-choe,30.305502,76.635388
1436,TDS,mg/l,"[01-01-2024, 31-12-2024]",584,Green tribunal,NCP07 - River Ghaggar U/S N-choe,30.305502,76.635388
1437,Conductivity,mg/l,"[01-01-2024, 31-12-2024]",1220,Green tribunal,NCP07 - River Ghaggar U/S N-choe,30.305502,76.635388
1438,Chloride,mg/l,"[01-01-2024, 31-12-2024]",123,Green tribunal,NCP07 - River Ghaggar U/S N-choe,30.305502,76.635388
1439,Phosphate-P,mg/l,"[01-01-2024, 31-12-2024]",1.3,Green tribunal,NCP07 - River Ghaggar U/S N-choe,30.305502,76.635388
1440,NO2-N,mg/l,"[01-01-2024, 31-12-2024]",0.04,Green tribunal,NCP07 - River Ghaggar U/S N-choe,30.305502,76.635388
1441,NO3-N,mg/l,"[01-01-2024, 31-12-2024]",0,Green tribunal,NCP07 - River Ghaggar U/S N-choe,30.305502,76.635388
1442,NH3-N,mg/l,"[01-01-2024, 31-12-2024]",17,Green tribunal,NCP07 - River Ghaggar U/S N-choe,30.305502,76.635388
1443,SO4,mg/l,"[01-01-2024, 31-12-2024]",46,Green tribunal,NCP07 - River Ghaggar U/S N-choe,30.305502,76.635388
1444,Colour,CU,"[01-01-2024, 31-12-2024]",0,Green tribunal,NCP07 - River Ghaggar U/S N-choe,30.305502,76.635388
1445,TKN,mg/l,"[01-01-2024, 31-12-2024]",19,Green tribunal,NCP07 - River Ghaggar U/S N-choe,30.305502,76.635388
1446,T-Coliform,MPN/100 ml,"[01-01-2024, 31-12-2024]",13x10^4,Green tribunal,NCP07 - River Ghaggar U/S N-choe,30.305502,76.635388
1447,pH,,"[01-01-2024, 31-12-2024]",7.3,Green tribunal,NCP06 - N-choe before confluence with Ghaggar,30.315357,76.628347
1448,COD,mg/l,"[01-01-2024, 31-12-2024]",156,Green tribunal,NCP06 - N-choe before confluence with Ghaggar,30.315357,76.628347
1449,BOD,mg/l,"[01-01-2024, 31-12-2024]",50,Green tribunal,NCP06 - N-choe before confluence with Ghaggar,30.315357,76.628347
1450,TSS,mg/l,"[01-01-2024, 31-12-2024]",81,Green tribunal,NCP06 - N-choe before confluence with Ghaggar,30.315357,76.628347
1451,TDS,mg/l,"[01-01-2024, 31-12-2024]",460,Green tribunal,NCP06 - N-choe before confluence with Ghaggar,30.031831,76.635388
1452,Conductivity,mg/l,"[01-01-2024, 31-12-2024]",983,Green tribunal,NCP06 - N-choe before confluence with Ghaggar,30.031831,76.635388
1453,Chloride,mg/l,"[01-01-2024, 31-12-2024]",75,Green tribunal,NCP06 - N-choe before confluence with Ghaggar,30.031831,76.635388
1454,Phosphate-P,mg/l,"[01-01-2024, 31-12-2024]",3,Green tribunal,NCP06 - N-choe before confluence with Ghaggar,30.031831,76.635388
1455,NO2-N,mg/l,"[01-01-2024, 31-12-2024]",0,Green tribunal,NCP06 - N-choe before confluence with Ghaggar,30.031831,76.635388
1456,NO3-N,mg/l,"[01-01-2024, 31-12-2024]",0,Green tribunal,NCP06 - N-choe before confluence with Ghaggar,30.031831,76.635388
1457,NH3-N,mg/l,"[01-01-2024, 31-12-2024]",26,Green tribunal,NCP06 - N-choe before confluence with Ghaggar,30.031831,76.635388
1458,SO4,mg/l,"[01-01-2024, 31-12-2024]",58,Green tribunal,NCP06 - N-choe before confluence with Ghaggar,30.031831,76.635388
1459,Colour,CU,"[01-01-2024, 31-12-2024]",0,Green tribunal,NCP06 - N-choe before confluence with Ghaggar,30.031831,76.635388
1460,TKN,mg/l,"[01-01-2024, 31-12-2024]",29,Green tribunal,NCP06 - N-choe before confluence with Ghaggar,30.031831,76.635388
1461,T-Coliform,MPN/100 ml,"[01-01-2024, 31-12-2024]",28x10^7,Green tribunal,NCP06 - N-choe before confluence with Ghaggar,30.031831,76.635388
1462,pH,-,"[01-11-2024, 30-11-2024]",8.1,professor,"Attawa Choa (Leisure valley garden, Mohali)",30.700708,76.738215
1463,pH,-,"[01-12-2024, 31-12-2024]",7.8,professor,"Attawa Choa (Leisure valley garden, Mohali)",30.700708,76.738215
1464,pH,-,"[01-01-2025, 31-01-2025]",7.5,professor,"Attawa Choa (Leisure valley garden, Mohali)",30.700708,76.738215
1465,TDS,mg/l,"[01-11-2024, 30-11-2024]",341.0,professor,"Attawa Choa (Leisure valley garden, Mohali)",30.700708,76.738215
1466,TDS,mg/l,"[01-12-2024, 31-12-2024]",352.0,professor,"Attawa Choa (Leisure valley garden, Mohali)",30.700708,76.738215
1467,TDS,mg/l,"[01-01-2025, 31-01-2025]",349.0,professor,"Attawa Choa (Leisure valley garden, Mohali)",30.700708,76.738215
1468,Conductivity,µs/cm,"[01-11-2024, 30-11-2024]",682.0,professor,"Attawa Choa (Leisure valley garden, Mohali)",30.700708,76.738215
1469,Conductivity,µs/cm,"[01-12-2024, 31-12-2024]",702.0,professor,"Attawa Choa (Leisure valley garden, Mohali)",30.700708,76.738215
1470,Conductivity,µs/cm,"[01-01-2025, 31-01-2025]",698.0,professor,"Attawa Choa (Leisure valley garden, Mohali)",30.700708,76.738215
1471,Temperature,°C,"[01-11-2024, 30-11-2024]",25.6,professor,"Attawa Choa (Leisure valley garden, Mohali)",30.700708,76.738215
1472,Temperature,°C,"[01-12-2024, 31-12-2024]",18.7,professor,"Attawa Choa (Leisure valley garden, Mohali)",30.700708,76.738215
1473,Temperature,°C,"[01-01-2025, 31-01-2025]",17.5,professor,"Attawa Choa (Leisure valley garden, Mohali)",30.700708,76.738215
1474,TSS,mg/l,"[01-11-2024, 30-11-2024]",312.00000000000114,professor,"Attawa Choa (Leisure valley garden, Mohali)",30.700708,76.738215
1475,TSS,mg/l,"[01-12-2024, 31-12-2024]",22.0,professor,"Attawa Choa (Leisure valley garden, Mohali)",30.700708,76.738215
1476,TSS,mg/l,"[01-01-2025, 31-01-2025]",102.0,professor,"Attawa Choa (Leisure valley garden, Mohali)",30.700708,76.738215
1477,VSS,mg/l,"[01-11-2024, 30-11-2024]",261.9999999999933,professor,"Attawa Choa (Leisure valley garden, Mohali)",30.700708,76.738215
1478,VSS,mg/l,"[01-12-2024, 31-12-2024]",12.499999999988631,professor,"Attawa Choa (Leisure valley garden, Mohali)",30.700708,76.738215
1479,VSS,mg/l,"[01-01-2025, 31-01-2025]",88.00000000000807,professor,"Attawa Choa (Leisure valley garden, Mohali)",30.700708,76.738215
1480,Fixed Suspended Solids,mg/l,"[01-11-2024, 30-11-2024]",50.000000000007816,professor,"Attawa Choa (Leisure valley garden, Mohali)",30.700708,76.738215
1481,Fixed Suspended Solids,mg/l,"[01-12-2024, 31-12-2024]",9.999999999994458,professor,"Attawa Choa (Leisure valley garden, Mohali)",30.700708,76.738215
1482,Fixed Suspended Solids,mg/l,"[01-01-2025, 31-01-2025]",13.500000000004066,professor,"Attawa Choa (Leisure valley garden, Mohali)",30.700708,76.738215
1483,COD,mg/l,"[01-11-2024, 30-11-2024]",122.0000000000001,professor,"Attawa Choa (Leisure valley garden, Mohali)",30.700708,76.738215
1484,COD,mg/l,"[01-12-2024, 31-12-2024]",62.0,professor,"Attawa Choa (Leisure valley garden, Mohali)",30.700708,76.738215
1485,COD,mg/l,"[01-01-2025, 31-01-2025]",37.0,professor,"Attawa Choa (Leisure valley garden, Mohali)",30.700708,76.738215
1486,BOD,mg/l,"[01-11-2024, 30-11-2024]",4.0,professor,"Attawa Choa (Leisure valley garden, Mohali)",30.700708,76.738215
1487,BOD,mg/l,"[01-12-2024, 31-12-2024]",5.0,professor,"Attawa Choa (Leisure valley garden, Mohali)",30.700708,76.738215
1488,BOD,mg/l,"[01-01-2025, 31-01-2025]",20.0,professor,"Attawa Choa (Leisure valley garden, Mohali)",30.700708,76.738215
1489,NO3-N,mg/l,"[01-11-2024, 30-11-2024]",3.36,professor,"Attawa Choa (Leisure valley garden, Mohali)",30.700708,76.738215
1490,NO3-N,mg/l,"[01-12-2024, 31-12-2024]",3.99,professor,"Attawa Choa (Leisure valley garden, Mohali)",30.700708,76.738215
1491,NO3-N,mg/l,"[01-01-2025, 31-01-2025]",5.4,professor,"Attawa Choa (Leisure valley garden, Mohali)",30.700708,76.738215
1492,Phosphate,mg/l,"[01-11-2024, 30-11-2024]",1.07,professor,"Attawa Choa (Leisure valley garden, Mohali)",30.700708,76.738215
1493,Phosphate,mg/l,"[01-12-2024, 31-12-2024]",0.46,professor,"Attawa Choa (Leisure valley garden, Mohali)",30.700708,76.738215
1494,Phosphate,mg/l,"[01-01-2025, 31-01-2025]",0.32,professor,"Attawa Choa (Leisure valley garden, Mohali)",30.700708,76.738215
1495,pH,-,"[01-11-2024, 30-11-2024]",9.3,professor,Attawa Choa Sec. 67 (Mohali),30.678158,76.729844
1496,pH,-,"[01-12-2024, 31-12-2024]",7.9,professor,Attawa Choa Sec. 67 (Mohali),30.678158,76.729844
1497,pH,-,"[01-01-2025, 31-01-2025]",8.0,professor,Attawa Choa Sec. 67 (Mohali),30.678158,76.729844
1498,TDS,mg/l,"[01-11-2024, 30-11-2024]",164.0,professor,Attawa Choa Sec. 67 (Mohali),30.678158,76.729844
1499,TDS,mg/l,"[01-12-2024, 31-12-2024]",349.0,professor,Attawa Choa Sec. 67 (Mohali),30.678158,76.729844
1500,TDS,mg/l,"[01-01-2025, 31-01-2025]",324.0,professor,Attawa Choa Sec. 67 (Mohali),30.678158,76.729844
1501,Conductivity,µs/cm,"[01-11-2024, 30-11-2024]",324.0,professor,Attawa Choa Sec. 67 (Mohali),30.678158,76.729844
1502,Conductivity,µs/cm,"[01-12-2024, 31-12-2024]",693.0,professor,Attawa Choa Sec. 67 (Mohali),30.678158,76.729844
1503,Conductivity,µs/cm,"[01-01-2025, 31-01-2025]",653.0,professor,Attawa Choa Sec. 67 (Mohali),30.678158,76.729844
1504,Temperature,°C,"[01-11-2024, 30-11-2024]",26.7,professor,Attawa Choa Sec. 67 (Mohali),30.678158,76.729844
1505,Temperature,°C,"[01-12-2024, 31-12-2024]",20.7,professor,Attawa Choa Sec. 67 (Mohali),30.678158,76.729844
1506,Temperature,°C,"[01-01-2025, 31-01-2025]",17.3,professor,Attawa Choa Sec. 67 (Mohali),30.678158,76.729844
1507,TSS,mg/l,"[01-11-2024, 30-11-2024]",295.00000000000523,professor,Attawa Choa Sec. 67 (Mohali),30.678158,76.729844
1508,TSS,mg/l,"[01-12-2024, 31-12-2024]",19.0,professor,Attawa Choa Sec. 67 (Mohali),30.678158,76.729844
1509,TSS,mg/l,"[01-01-2025, 31-01-2025]",114.99999999999844,professor,Attawa Choa Sec. 67 (Mohali),30.678158,76.729844
1510,VSS,mg/l,"[01-11-2024, 30-11-2024]",275.5000000000152,professor,Attawa Choa Sec. 67 (Mohali),30.678158,76.729844
1511,VSS,mg/l,"[01-12-2024, 31-12-2024]",13.500000000004066,professor,Attawa Choa Sec. 67 (Mohali),30.678158,76.729844
1512,VSS,mg/l,"[01-01-2025, 31-01-2025]",95.0000000000095,professor,Attawa Choa Sec. 67 (Mohali),30.678158,76.729844
1513,Fixed Suspended Solids,mg/l,"[01-11-2024, 30-11-2024]",19.49999999999008,professor,Attawa Choa Sec. 67 (Mohali),30.678158,76.729844
1514,Fixed Suspended Solids,mg/l,"[01-12-2024, 31-12-2024]",5.000000000006111,professor,Attawa Choa Sec. 67 (Mohali),30.678158,76.729844
1515,Fixed Suspended Solids,mg/l,"[01-01-2025, 31-01-2025]",19.99999999998892,professor,Attawa Choa Sec. 67 (Mohali),30.678158,76.729844
1516,COD,mg/l,"[01-11-2024, 30-11-2024]",92.00000000000011,professor,Attawa Choa Sec. 67 (Mohali),30.678158,76.729844
1517,COD,mg/l,"[01-12-2024, 31-12-2024]",39.99999999999993,professor,Attawa Choa Sec. 67 (Mohali),30.678158,76.729844
1518,COD,mg/l,"[01-01-2025, 31-01-2025]",24.00000000000001,professor,Attawa Choa Sec. 67 (Mohali),30.678158,76.729844
1519,BOD,mg/l,"[01-11-2024, 30-11-2024]",6.0,professor,Attawa Choa Sec. 67 (Mohali),30.678158,76.729844
1520,BOD,mg/l,"[01-12-2024, 31-12-2024]",11.0,professor,Attawa Choa Sec. 67 (Mohali),30.678158,76.729844
1521,BOD,mg/l,"[01-01-2025, 31-01-2025]",22.0,professor,Attawa Choa Sec. 67 (Mohali),30.678158,76.729844
1522,NO3-N,mg/l,"[01-11-2024, 30-11-2024]",0.45,professor,Attawa Choa Sec. 67 (Mohali),30.678158,76.729844
1523,NO3-N,mg/l,"[01-12-2024, 31-12-2024]",4.0,professor,Attawa Choa Sec. 67 (Mohali),30.678158,76.729844
1524,NO3-N,mg/l,"[01-01-2025, 31-01-2025]",1.0289421280323667,professor,Attawa Choa Sec. 67 (Mohali),30.678158,76.729844
1525,Phosphate,mg/l,"[01-11-2024, 30-11-2024]",0.2010706003476145,professor,Attawa Choa Sec. 67 (Mohali),30.678158,76.729844
1526,Phosphate,mg/l,"[01-12-2024, 31-12-2024]",1.2209707627956417,professor,Attawa Choa Sec. 67 (Mohali),30.678158,76.729844
1527,Phosphate,mg/l,"[01-01-2025, 31-01-2025]",0.6438532118239465,professor,Attawa Choa Sec. 67 (Mohali),30.678158,76.729844
1528,pH,-,"[01-11-2024, 30-11-2024]",8.2,professor,N-CHOE (Leisure valley parK CHD.),30.703138,76.739417
1529,pH,-,"[01-12-2024, 31-12-2024]",8.1,professor,N-CHOE (Leisure valley parK CHD.),30.703138,76.739417
1530,pH,-,"[01-01-2025, 31-01-2025]",7.8,professor,N-CHOE (Leisure valley parK CHD.),30.703138,76.739417
1531,TDS,mg/l,"[01-11-2024, 30-11-2024]",310.0,professor,N-CHOE (Leisure valley parK CHD.),30.703138,76.739417
1532,TDS,mg/l,"[01-12-2024, 31-12-2024]",341.0,professor,N-CHOE (Leisure valley parK CHD.),30.703138,76.739417
1533,TDS,mg/l,"[01-01-2025, 31-01-2025]",335.0,professor,N-CHOE (Leisure valley parK CHD.),30.703138,76.739417
1534,Conductivity,µs/cm,"[01-11-2024, 30-11-2024]",650.0,professor,N-CHOE (Leisure valley parK CHD.),30.703138,76.739417
1535,Conductivity,µs/cm,"[01-12-2024, 31-12-2024]",672.0,professor,N-CHOE (Leisure valley parK CHD.),30.703138,76.739417
1536,Conductivity,µs/cm,"[01-01-2025, 31-01-2025]",677.0,professor,N-CHOE (Leisure valley parK CHD.),30.703138,76.739417
1537,Temperature,°C,"[01-11-2024, 30-11-2024]",25.8,professor,N-CHOE (Leisure valley parK CHD.),30.703138,76.739417
1538,Temperature,°C,"[01-12-2024, 31-12-2024]",21.6,professor,N-CHOE (Leisure valley parK CHD.),30.703138,76.739417
1539,Temperature,°C,"[01-01-2025, 31-01-2025]",18.2,professor,N-CHOE (Leisure valley parK CHD.),30.703138,76.739417
1540,TSS,mg/l,"[01-11-2024, 30-11-2024]",343.0,professor,N-CHOE (Leisure valley parK CHD.),30.703138,76.739417
1541,TSS,mg/l,"[01-12-2024, 31-12-2024]",13.0,professor,N-CHOE (Leisure valley parK CHD.),30.703138,76.739417
1542,TSS,mg/l,"[01-01-2025, 31-01-2025]",124.0,professor,N-CHOE (Leisure valley parK CHD.),30.703138,76.739417
1543,VSS,mg/l,"[01-11-2024, 30-11-2024]",267.4999999999983,professor,N-CHOE (Leisure valley parK CHD.),30.703138,76.739417
1544,VSS,mg/l,"[01-12-2024, 31-12-2024]",2.499999999994173,professor,N-CHOE (Leisure valley parK CHD.),30.703138,76.739417
1545,VSS,mg/l,"[01-01-2025, 31-01-2025]",105.5000000000028,professor,N-CHOE (Leisure valley parK CHD.),30.703138,76.739417
1546,Fixed Suspended Solids,mg/l,"[01-11-2024, 30-11-2024]",75.00000000000284,professor,N-CHOE (Leisure valley parK CHD.),30.703138,76.739417
1547,Fixed Suspended Solids,mg/l,"[01-12-2024, 31-12-2024]",10.00000000001222,professor,N-CHOE (Leisure valley parK CHD.),30.703138,76.739417
1548,Fixed Suspended Solids,mg/l,"[01-01-2025, 31-01-2025]",18.00000000001134,professor,N-CHOE (Leisure valley parK CHD.),30.703138,76.739417
1549,COD,mg/l,"[01-11-2024, 30-11-2024]",58.00000000000004,professor,N-CHOE (Leisure valley parK CHD.),30.703138,76.739417
1550,COD,mg/l,"[01-12-2024, 31-12-2024]",45.99999999999994,professor,N-CHOE (Leisure valley parK CHD.),30.703138,76.739417
1551,COD,mg/l,"[01-01-2025, 31-01-2025]",43.0,professor,N-CHOE (Leisure valley parK CHD.),30.703138,76.739417
1552,BOD,mg/l,"[01-11-2024, 30-11-2024]",8.0,professor,N-CHOE (Leisure valley parK CHD.),30.703138,76.739417
1553,BOD,mg/l,"[01-12-2024, 31-12-2024]",13.0,professor,N-CHOE (Leisure valley parK CHD.),30.703138,76.739417
1554,BOD,mg/l,"[01-01-2025, 31-01-2025]",20.0,professor,N-CHOE (Leisure valley parK CHD.),30.703138,76.739417
1555,NO3-N,mg/l,"[01-11-2024, 30-11-2024]",5.7,professor,N-CHOE (Leisure valley parK CHD.),30.703138,76.739417
1556,NO3-N,mg/l,"[01-12-2024, 31-12-2024]",4.06,professor,N-CHOE (Leisure valley parK CHD.),30.703138,76.739417
1557,NO3-N,mg/l,"[01-01-2025, 31-01-2025]",5.1,professor,N-CHOE (Leisure valley parK CHD.),30.703138,76.739417
1558,Phosphate,mg/l,"[01-11-2024, 30-11-2024]",0.75,professor,N-CHOE (Leisure valley parK CHD.),30.703138,76.739417
1559,Phosphate,mg/l,"[01-12-2024, 31-12-2024]",0.38,professor,N-CHOE (Leisure valley parK CHD.),30.703138,76.739417
1560,Phosphate,mg/l,"[01-01-2025, 31-01-2025]",0.57,professor,N-CHOE (Leisure valley parK CHD.),30.703138,76.739417
